-- phpMyAdmin SQL Dump
-- version 5.1.2
-- https://www.phpmyadmin.net/
--
-- Servidor: localhost:3306
-- Tiempo de generación: 23-02-2022 a las 03:02:05
-- Versión del servidor: 5.7.33
-- Versión de PHP: 7.4.19

SET SQL_MODE = "NO_AUTO_VALUE_ON_ZERO";
START TRANSACTION;
SET time_zone = "+00:00";


/*!40101 SET @OLD_CHARACTER_SET_CLIENT=@@CHARACTER_SET_CLIENT */;
/*!40101 SET @OLD_CHARACTER_SET_RESULTS=@@CHARACTER_SET_RESULTS */;
/*!40101 SET @OLD_COLLATION_CONNECTION=@@COLLATION_CONNECTION */;
/*!40101 SET NAMES utf8mb4 */;

--
-- Base de datos: `sistema_properseed`
--

-- --------------------------------------------------------

--
-- Estructura de tabla para la tabla `alerta`
--

CREATE TABLE `alerta` (
  `Id` int(11) NOT NULL,
  `Variable` varchar(30) COLLATE utf8_unicode_ci NOT NULL,
  `Tipo` enum('Alta','Baja') COLLATE utf8_unicode_ci DEFAULT NULL,
  `Valor` int(11) NOT NULL,
  `Maximo` float DEFAULT NULL,
  `Minimo` float DEFAULT NULL,
  `Fecha` date NOT NULL,
  `Hora` time NOT NULL,
  `Revisada` tinyint(1) NOT NULL DEFAULT '0',
  `Id_dispositivo` int(11) NOT NULL
) ENGINE=InnoDB DEFAULT CHARSET=utf8 COLLATE=utf8_unicode_ci;

--
-- Volcado de datos para la tabla `alerta`
--

INSERT INTO `alerta` (`Id`, `Variable`, `Tipo`, `Valor`, `Maximo`, `Minimo`, `Fecha`, `Hora`, `Revisada`, `Id_dispositivo`) VALUES
(1, 'Temperatura', 'Alta', 80, 30, 10, '2020-09-30', '10:10:10', 1, 1),
(2, 'Temperatura', 'Alta', 50, 30, 10, '2020-09-30', '10:10:10', 1, 1),
(7, 'Temperatura', 'Alta', 40, 35, 15, '2020-11-27', '01:38:29', 0, 9),
(8, 'Humedad del suelo', 'Alta', 100, 70, 30, '2020-11-27', '01:38:29', 0, 9),
(9, 'Intensidad de luz solar', 'Alta', 100, 60, 0, '2020-11-27', '01:38:29', 0, 9),
(10, 'Humedad del ambiente', 'Alta', 100, 80, 20, '2020-11-27', '01:38:29', 0, 9),
(12, 'Humedad del suelo', 'Alta', 100, 78, 78, '2020-11-27', '02:37:53', 1, 19),
(13, 'Intensidad de luz solar', 'Alta', 100, 89, 89, '2020-11-27', '02:37:53', 1, 19),
(14, 'Humedad del ambiente', 'Alta', 100, 67, 23, '2020-11-27', '02:37:53', 1, 19),
(19, 'Humedad del suelo', 'Baja', 0, 78, 78, '2020-11-27', '07:55:18', 1, 19),
(20, 'Intensidad de luz solar', 'Alta', 98, 89, 89, '2020-11-27', '07:55:18', 1, 19),
(21, 'Humedad del ambiente', 'Alta', 83, 67, 23, '2020-11-27', '07:55:18', 1, 19),
(23, 'Humedad del suelo', 'Baja', 0, 78, 78, '2020-11-27', '08:01:47', 1, 19),
(24, 'Intensidad de luz solar', 'Alta', 98, 89, 89, '2020-11-27', '08:01:47', 1, 19),
(25, 'Humedad del ambiente', 'Alta', 80, 67, 23, '2020-11-27', '08:01:47', 1, 19),
(27, 'Humedad del suelo', 'Baja', 0, 78, 78, '2020-11-27', '08:14:49', 1, 19),
(28, 'Intensidad de luz solar', 'Alta', 97, 89, 89, '2020-11-27', '08:14:49', 1, 19),
(29, 'Humedad del ambiente', 'Alta', 82, 67, 23, '2020-11-27', '08:14:49', 1, 19),
(31, 'Humedad del suelo', 'Baja', 0, 78, 78, '2020-11-27', '08:15:49', 1, 19),
(32, 'Intensidad de luz solar', 'Alta', 96, 89, 89, '2020-11-27', '08:15:49', 1, 19),
(33, 'Humedad del ambiente', 'Alta', 82, 67, 23, '2020-11-27', '08:15:49', 1, 19),
(34, 'Humedad del suelo', 'Baja', 0, 78, 78, '2020-11-27', '08:55:39', 1, 19),
(35, 'Intensidad de luz solar', 'Alta', 93, 89, 89, '2020-11-27', '08:55:39', 1, 19),
(37, 'Humedad del suelo', 'Baja', 0, 78, 78, '2020-11-27', '08:56:40', 1, 19),
(38, 'Intensidad de luz solar', 'Alta', 93, 89, 89, '2020-11-27', '08:56:40', 1, 19),
(39, 'Humedad del ambiente', 'Alta', 81, 67, 23, '2020-11-27', '08:56:40', 1, 19),
(41, 'Humedad del suelo', 'Baja', 0, 78, 78, '2020-11-27', '09:01:08', 1, 19),
(42, 'Intensidad de luz solar', 'Alta', 93, 89, 89, '2020-11-27', '09:01:08', 1, 19),
(43, 'Humedad del ambiente', 'Alta', 82, 67, 23, '2020-11-27', '09:01:08', 1, 19),
(45, 'Humedad del suelo', 'Baja', 0, 78, 78, '2020-11-27', '09:02:08', 1, 19),
(46, 'Intensidad de luz solar', 'Alta', 93, 89, 89, '2020-11-27', '09:02:08', 1, 19),
(47, 'Humedad del ambiente', 'Alta', 83, 67, 23, '2020-11-27', '09:02:08', 1, 19),
(48, 'Humedad del suelo', 'Baja', 0, 78, 78, '2020-11-27', '09:07:03', 1, 19),
(49, 'Intensidad de luz solar', 'Alta', 93, 89, 89, '2020-11-27', '09:07:03', 1, 19),
(50, 'Humedad del suelo', 'Baja', 0, 78, 78, '2020-11-27', '09:08:53', 1, 19),
(51, 'Intensidad de luz solar', 'Alta', 94, 89, 89, '2020-11-27', '09:08:53', 1, 19),
(53, 'Humedad del suelo', 'Baja', 0, 78, 78, '2020-11-27', '09:09:53', 1, 19),
(54, 'Intensidad de luz solar', 'Alta', 93, 89, 89, '2020-11-27', '09:09:53', 1, 19),
(55, 'Humedad del ambiente', 'Alta', 82, 67, 23, '2020-11-27', '09:09:53', 1, 19),
(57, 'Humedad del suelo', 'Baja', 0, 78, 78, '2020-11-27', '09:10:54', 1, 19),
(58, 'Intensidad de luz solar', 'Alta', 93, 89, 89, '2020-11-27', '09:10:54', 1, 19),
(59, 'Humedad del ambiente', 'Alta', 82, 67, 23, '2020-11-27', '09:10:54', 1, 19),
(60, 'Humedad del suelo', 'Baja', 0, 78, 78, '2020-11-27', '09:13:37', 1, 19),
(61, 'Intensidad de luz solar', 'Alta', 94, 89, 89, '2020-11-27', '09:13:37', 1, 19),
(62, 'Humedad del suelo', 'Baja', 0, 78, 78, '2020-11-27', '09:14:37', 1, 19),
(63, 'Intensidad de luz solar', 'Alta', 93, 89, 89, '2020-11-27', '09:14:37', 1, 19),
(64, 'Humedad del ambiente', 'Alta', 82, 67, 23, '2020-11-27', '09:14:37', 1, 19),
(65, 'Humedad del suelo', 'Baja', 0, 78, 78, '2020-11-27', '09:15:37', 1, 19),
(66, 'Intensidad de luz solar', 'Alta', 93, 89, 89, '2020-11-27', '09:15:37', 1, 19),
(67, 'Humedad del ambiente', 'Alta', 82, 67, 23, '2020-11-27', '09:15:37', 1, 19),
(68, 'Humedad del suelo', 'Baja', 0, 78, 78, '2020-11-27', '09:16:38', 1, 19),
(69, 'Intensidad de luz solar', 'Alta', 92, 89, 89, '2020-11-27', '09:16:38', 1, 19),
(70, 'Humedad del ambiente', 'Alta', 82, 67, 23, '2020-11-27', '09:16:38', 1, 19),
(71, 'Humedad del suelo', 'Baja', 0, 78, 78, '2020-11-27', '09:22:37', 1, 19),
(72, 'Intensidad de luz solar', 'Alta', 93, 89, 89, '2020-11-27', '09:22:37', 1, 19),
(73, 'Humedad del suelo', 'Baja', 0, 78, 78, '2020-11-27', '09:23:37', 1, 19),
(74, 'Intensidad de luz solar', 'Alta', 92, 89, 89, '2020-11-27', '09:23:37', 1, 19),
(75, 'Humedad del ambiente', 'Alta', 82, 67, 23, '2020-11-27', '09:23:37', 1, 19),
(76, 'Humedad del suelo', 'Baja', 0, 78, 78, '2020-11-27', '09:24:37', 1, 19),
(77, 'Intensidad de luz solar', 'Alta', 92, 89, 89, '2020-11-27', '09:24:37', 1, 19),
(78, 'Humedad del ambiente', 'Alta', 81, 67, 23, '2020-11-27', '09:24:37', 1, 19),
(79, 'Humedad del suelo', 'Baja', 0, 78, 78, '2020-11-27', '09:25:37', 1, 19),
(80, 'Intensidad de luz solar', 'Alta', 92, 89, 89, '2020-11-27', '09:25:37', 1, 19),
(81, 'Humedad del ambiente', 'Alta', 82, 67, 23, '2020-11-27', '09:25:37', 1, 19),
(82, 'Humedad del suelo', 'Baja', 0, 78, 78, '2020-11-27', '09:26:37', 1, 19),
(83, 'Intensidad de luz solar', 'Alta', 91, 89, 89, '2020-11-27', '09:26:37', 1, 19),
(84, 'Humedad del ambiente', 'Alta', 82, 67, 23, '2020-11-27', '09:26:37', 1, 19),
(85, 'Humedad del suelo', 'Baja', 0, 78, 78, '2020-11-27', '09:27:37', 1, 19),
(86, 'Intensidad de luz solar', 'Alta', 91, 89, 89, '2020-11-27', '09:27:37', 1, 19),
(87, 'Humedad del ambiente', 'Alta', 82, 67, 23, '2020-11-27', '09:27:37', 1, 19),
(88, 'Humedad del suelo', 'Baja', 0, 78, 78, '2020-11-27', '09:48:18', 1, 19),
(89, 'Intensidad de luz solar', 'Alta', 92, 89, 89, '2020-11-27', '09:48:18', 1, 19),
(90, 'Humedad del suelo', 'Baja', 0, 78, 78, '2020-11-27', '09:49:18', 1, 19),
(91, 'Intensidad de luz solar', 'Alta', 93, 89, 89, '2020-11-27', '09:49:18', 1, 19),
(92, 'Humedad del ambiente', 'Alta', 81, 67, 23, '2020-11-27', '09:49:18', 1, 19),
(93, 'Humedad del suelo', 'Baja', 0, 78, 78, '2020-11-27', '09:50:18', 1, 19),
(94, 'Intensidad de luz solar', 'Alta', 92, 89, 89, '2020-11-27', '09:50:18', 1, 19),
(95, 'Humedad del ambiente', 'Alta', 82, 67, 23, '2020-11-27', '09:50:18', 1, 19),
(96, 'Humedad del suelo', 'Baja', 0, 78, 78, '2020-11-27', '09:51:18', 1, 19),
(97, 'Intensidad de luz solar', 'Alta', 92, 89, 89, '2020-11-27', '09:51:18', 1, 19),
(98, 'Humedad del ambiente', 'Alta', 82, 67, 23, '2020-11-27', '09:51:18', 1, 19),
(99, 'Humedad del suelo', 'Baja', 0, 78, 78, '2020-11-27', '09:52:19', 1, 19),
(100, 'Humedad del ambiente', 'Alta', 83, 67, 23, '2020-11-27', '09:52:19', 1, 19),
(101, 'Humedad del suelo', 'Baja', 0, 78, 78, '2020-11-27', '09:53:18', 1, 19),
(102, 'Humedad del ambiente', 'Alta', 82, 67, 23, '2020-11-27', '09:53:18', 1, 19),
(130, 'Humedad del suelo', 'Alta', 17, 10, 0, '2020-12-02', '21:45:43', 1, 1),
(131, 'Intensidad de luz solar', 'Alta', 41, 5, 0, '2020-12-02', '21:45:43', 1, 1),
(132, 'Humedad del ambiente', 'Alta', 80, 50, 0, '2020-12-02', '21:45:43', 1, 1),
(133, 'Humedad del suelo', 'Alta', 15, 10, 0, '2020-12-02', '21:46:44', 1, 1),
(134, 'Intensidad de luz solar', 'Alta', 42, 5, 0, '2020-12-02', '21:46:44', 1, 1),
(135, 'Humedad del ambiente', 'Alta', 80, 50, 0, '2020-12-02', '21:46:44', 1, 1),
(136, 'Humedad del suelo', 'Alta', 14, 10, 0, '2020-12-02', '21:47:45', 1, 1),
(137, 'Humedad del suelo', 'Alta', 16, 10, 0, '2020-12-02', '21:48:46', 1, 1),
(138, 'Humedad del ambiente', 'Baja', 79, 100, 90, '2020-12-02', '21:48:46', 1, 1),
(139, 'Humedad del suelo', 'Alta', 18, 10, 0, '2020-12-02', '21:49:46', 1, 1),
(140, 'Humedad del ambiente', 'Baja', 78, 100, 90, '2020-12-02', '21:49:46', 1, 1),
(141, 'Humedad del suelo', 'Alta', 22, 10, 0, '2020-12-02', '21:50:47', 1, 1),
(142, 'Humedad del ambiente', 'Baja', 78, 100, 90, '2020-12-02', '21:50:47', 1, 1),
(143, 'Humedad del suelo', 'Alta', 21, 10, 0, '2020-12-02', '21:51:47', 1, 1),
(144, 'Humedad del ambiente', 'Baja', 78, 100, 90, '2020-12-02', '21:51:47', 1, 1),
(145, 'Humedad del suelo', 'Baja', 0, 78, 20, '2020-12-03', '00:57:55', 1, 19),
(146, 'Humedad del ambiente', 'Alta', 83, 67, 10, '2020-12-03', '00:57:55', 1, 19),
(147, 'Humedad del suelo', 'Baja', 0, 78, 20, '2020-12-03', '00:58:55', 1, 19),
(148, 'Humedad del ambiente', 'Alta', 83, 67, 10, '2020-12-03', '00:58:55', 1, 19),
(149, 'Humedad del suelo', 'Baja', 0, 78, 20, '2020-12-03', '01:04:34', 1, 19),
(150, 'Intensidad de luz solar', 'Alta', 99, 89, 10, '2020-12-03', '01:04:34', 1, 19),
(151, 'Humedad del ambiente', 'Alta', 81, 67, 10, '2020-12-03', '01:04:34', 1, 19),
(152, 'Intensidad de luz solar', 'Alta', 97, 89, 10, '2020-12-03', '01:05:35', 1, 19),
(153, 'Humedad del ambiente', 'Alta', 79, 67, 10, '2020-12-03', '01:05:35', 1, 19),
(154, 'Intensidad de luz solar', 'Alta', 98, 89, 10, '2020-12-03', '01:06:38', 1, 19),
(155, 'Humedad del ambiente', 'Alta', 79, 67, 10, '2020-12-03', '01:06:38', 1, 19),
(156, 'Intensidad de luz solar', 'Alta', 98, 89, 10, '2020-12-03', '01:07:38', 1, 19),
(157, 'Humedad del ambiente', 'Alta', 79, 67, 10, '2020-12-03', '01:07:38', 1, 19),
(158, 'Intensidad de luz solar', 'Alta', 98, 90, 10, '2020-12-03', '01:08:37', 1, 19),
(159, 'Intensidad de luz solar', 'Alta', 99, 90, 10, '2020-12-03', '01:09:38', 1, 19),
(160, 'Intensidad de luz solar', 'Baja', 0, 90, 10, '2020-12-03', '01:17:48', 1, 19),
(161, 'Intensidad de luz solar', 'Baja', 0, 90, 10, '2020-12-03', '01:18:47', 1, 19),
(162, 'Intensidad de luz solar', 'Baja', 6, 90, 10, '2020-12-03', '01:23:28', 1, 19),
(163, 'Intensidad de luz solar', 'Alta', 95, 90, 0, '2020-12-03', '14:59:54', 1, 19),
(164, 'Intensidad de luz solar', 'Alta', 99, 90, 0, '2020-12-03', '15:03:55', 1, 19),
(165, 'Temperatura', 'Baja', 20, 30, 22, '2020-12-03', '20:27:57', 1, 1),
(166, 'Humedad del suelo', 'Baja', 1, 100, 90, '2020-12-03', '20:27:57', 1, 1),
(167, 'Temperatura', 'Baja', 20, 30, 22, '2020-12-03', '20:28:27', 1, 1),
(168, 'Humedad del suelo', 'Baja', 1, 100, 90, '2020-12-03', '20:28:27', 1, 1),
(169, 'Temperatura', 'Baja', 20, 30, 22, '2020-12-03', '20:28:57', 1, 1),
(170, 'Humedad del suelo', 'Baja', 1, 100, 90, '2020-12-03', '20:28:57', 1, 1),
(171, 'Temperatura', 'Baja', 20, 30, 22, '2020-12-03', '20:29:27', 1, 1),
(172, 'Humedad del suelo', 'Baja', 1, 100, 90, '2020-12-03', '20:29:27', 1, 1),
(173, 'Temperatura', 'Baja', 20, 30, 22, '2020-12-03', '20:29:58', 1, 1),
(174, 'Humedad del suelo', 'Baja', 1, 100, 90, '2020-12-03', '20:29:58', 1, 1),
(175, 'Temperatura', 'Baja', 20, 30, 22, '2020-12-03', '20:30:28', 1, 1),
(176, 'Humedad del suelo', 'Baja', 1, 100, 90, '2020-12-03', '20:30:28', 1, 1),
(177, 'Temperatura', 'Baja', 20, 30, 22, '2020-12-03', '20:30:58', 1, 1),
(178, 'Humedad del suelo', 'Baja', 1, 100, 90, '2020-12-03', '20:30:58', 1, 1),
(179, 'Temperatura', 'Baja', 20, 30, 22, '2020-12-03', '20:31:28', 1, 1),
(180, 'Humedad del suelo', 'Baja', 1, 100, 90, '2020-12-03', '20:31:28', 1, 1),
(181, 'Temperatura', 'Baja', 21, 30, 22, '2020-12-03', '20:31:58', 1, 1),
(182, 'Humedad del suelo', 'Baja', 1, 100, 90, '2020-12-03', '20:31:58', 1, 1),
(183, 'Temperatura', 'Baja', 21, 30, 22, '2020-12-03', '20:32:28', 1, 1),
(184, 'Humedad del suelo', 'Baja', 1, 100, 90, '2020-12-03', '20:32:28', 1, 1),
(185, 'Temperatura', 'Baja', 21, 30, 22, '2020-12-03', '20:32:58', 1, 1),
(186, 'Humedad del suelo', 'Baja', 1, 100, 90, '2020-12-03', '20:32:58', 1, 1),
(187, 'Temperatura', 'Baja', 21, 30, 22, '2020-12-03', '20:33:28', 1, 1),
(188, 'Humedad del suelo', 'Baja', 1, 100, 90, '2020-12-03', '20:33:28', 1, 1),
(189, 'Temperatura', 'Baja', 21, 30, 22, '2020-12-03', '20:33:59', 1, 1),
(190, 'Humedad del ambiente', 'Baja', 77, 100, 90, '2020-12-03', '20:33:59', 1, 1),
(191, 'Temperatura', 'Baja', 21, 30, 22, '2020-12-03', '20:34:28', 1, 1),
(192, 'Humedad del ambiente', 'Baja', 77, 100, 90, '2020-12-03', '20:34:28', 1, 1),
(193, 'Temperatura', 'Baja', 21, 30, 22, '2020-12-03', '20:34:59', 1, 1),
(194, 'Humedad del ambiente', 'Baja', 76, 100, 90, '2020-12-03', '20:34:59', 1, 1),
(195, 'Temperatura', 'Alta', 21, 15, 10, '2020-12-03', '20:35:29', 1, 1),
(196, 'Humedad del suelo', 'Baja', 1, 100, 30, '2020-12-03', '20:35:29', 1, 1),
(197, 'Intensidad de luz solar', 'Baja', 26, 100, 40, '2020-12-03', '20:35:29', 1, 1),
(198, 'Temperatura', 'Alta', 21, 15, 10, '2020-12-03', '20:35:59', 1, 1),
(199, 'Humedad del suelo', 'Baja', 1, 100, 30, '2020-12-03', '20:35:59', 1, 1),
(200, 'Intensidad de luz solar', 'Baja', 26, 100, 40, '2020-12-03', '20:35:59', 1, 1),
(201, 'Temperatura', 'Alta', 21, 15, 10, '2020-12-03', '20:36:29', 1, 1),
(202, 'Humedad del suelo', 'Baja', 1, 100, 30, '2020-12-03', '20:36:29', 1, 1),
(203, 'Intensidad de luz solar', 'Baja', 25, 100, 40, '2020-12-03', '20:36:29', 1, 1),
(204, 'Temperatura', 'Alta', 21, 15, 10, '2020-12-03', '20:36:59', 1, 1),
(205, 'Humedad del suelo', 'Baja', 1, 100, 30, '2020-12-03', '20:36:59', 1, 1),
(206, 'Intensidad de luz solar', 'Baja', 25, 100, 40, '2020-12-03', '20:36:59', 1, 1),
(207, 'Temperatura', 'Alta', 19, 15, 10, '2020-12-03', '22:05:20', 1, 1),
(208, 'Humedad del suelo', 'Baja', 4, 100, 30, '2020-12-03', '22:05:20', 1, 1),
(209, 'Intensidad de luz solar', 'Baja', 0, 100, 40, '2020-12-03', '22:05:20', 1, 1),
(210, 'Temperatura', 'Alta', 19, 15, 10, '2020-12-03', '22:06:18', 1, 1),
(211, 'Humedad del suelo', 'Baja', 2, 100, 30, '2020-12-03', '22:06:18', 1, 1),
(212, 'Intensidad de luz solar', 'Baja', 24, 100, 40, '2020-12-03', '22:06:18', 1, 1),
(213, 'Temperatura', 'Alta', 19, 15, 10, '2020-12-03', '22:06:49', 1, 1),
(214, 'Humedad del suelo', 'Baja', 4, 100, 30, '2020-12-03', '22:06:49', 1, 1),
(215, 'Intensidad de luz solar', 'Baja', 24, 100, 40, '2020-12-03', '22:06:49', 1, 1),
(216, 'Temperatura', 'Alta', 19, 15, 10, '2020-12-03', '22:07:19', 1, 1),
(217, 'Humedad del suelo', 'Baja', 5, 100, 30, '2020-12-03', '22:07:19', 1, 1),
(218, 'Intensidad de luz solar', 'Baja', 23, 100, 40, '2020-12-03', '22:07:19', 1, 1),
(219, 'Temperatura', 'Alta', 19, 15, 10, '2020-12-03', '22:07:49', 1, 1),
(220, 'Humedad del suelo', 'Baja', 6, 100, 30, '2020-12-03', '22:07:49', 1, 1),
(221, 'Intensidad de luz solar', 'Baja', 24, 100, 40, '2020-12-03', '22:07:49', 1, 1),
(222, 'Temperatura', 'Alta', 19, 15, 10, '2020-12-03', '22:08:19', 1, 1),
(223, 'Humedad del suelo', 'Baja', 5, 100, 30, '2020-12-03', '22:08:19', 1, 1),
(224, 'Intensidad de luz solar', 'Baja', 22, 100, 40, '2020-12-03', '22:08:19', 1, 1),
(225, 'Temperatura', 'Alta', 19, 15, 10, '2020-12-03', '22:08:49', 1, 1),
(226, 'Humedad del suelo', 'Baja', 7, 100, 30, '2020-12-03', '22:08:49', 1, 1),
(227, 'Intensidad de luz solar', 'Baja', 25, 100, 40, '2020-12-03', '22:08:49', 1, 1),
(228, 'Temperatura', 'Alta', 19, 15, 10, '2020-12-03', '22:09:19', 1, 1),
(229, 'Humedad del suelo', 'Alta', 6, 1, 0, '2020-12-03', '22:09:19', 1, 1),
(230, 'Temperatura', 'Alta', 19, 15, 10, '2020-12-03', '22:09:49', 1, 1),
(231, 'Humedad del suelo', 'Alta', 7, 1, 0, '2020-12-03', '22:09:49', 1, 1),
(232, 'Temperatura', 'Alta', 19, 15, 10, '2020-12-03', '22:10:19', 1, 1),
(233, 'Humedad del suelo', 'Alta', 7, 1, 0, '2020-12-03', '22:10:19', 1, 1),
(234, 'Temperatura', 'Alta', 19, 15, 10, '2020-12-03', '22:10:50', 1, 1),
(235, 'Humedad del suelo', 'Alta', 6, 1, 0, '2020-12-03', '22:10:50', 1, 1),
(236, 'Temperatura', 'Alta', 19, 15, 10, '2020-12-03', '22:11:19', 1, 1),
(237, 'Humedad del suelo', 'Alta', 7, 1, 0, '2020-12-03', '22:11:19', 1, 1),
(238, 'Temperatura', 'Alta', 19, 15, 10, '2020-12-03', '22:11:50', 1, 1),
(239, 'Humedad del suelo', 'Alta', 6, 1, 0, '2020-12-03', '22:11:50', 1, 1),
(241, 'Humedad del suelo', 'Baja', 57, 78, 58, '2020-12-04', '07:58:05', 1, 19),
(242, 'Temperatura', 'Alta', 20, 19, 10, '2020-12-04', '07:58:19', 1, 19),
(243, 'Humedad del suelo', 'Baja', 57, 78, 58, '2020-12-04', '07:58:19', 1, 19),
(244, 'Temperatura', 'Alta', 20, 19, 10, '2020-12-04', '07:58:40', 1, 19),
(245, 'Humedad del suelo', 'Baja', 57, 78, 58, '2020-12-04', '07:58:40', 1, 19),
(246, 'Temperatura', 'Alta', 20, 19, 10, '2020-12-04', '07:58:52', 1, 19),
(247, 'Humedad del suelo', 'Baja', 57, 78, 58, '2020-12-04', '07:58:52', 1, 19),
(248, 'Temperatura', 'Alta', 20, 19, 10, '2020-12-04', '07:59:06', 1, 19),
(249, 'Humedad del suelo', 'Baja', 57, 78, 58, '2020-12-04', '07:59:06', 1, 19),
(250, 'Humedad del ambiente', 'Alta', 84, 80, 0, '2020-12-04', '08:32:41', 1, 3),
(251, 'Humedad del ambiente', 'Alta', 84, 80, 0, '2020-12-04', '08:33:42', 1, 3),
(252, 'Humedad del ambiente', 'Alta', 85, 80, 0, '2020-12-04', '08:34:42', 1, 3),
(253, 'Humedad del ambiente', 'Alta', 85, 80, 0, '2020-12-04', '08:35:43', 1, 3),
(254, 'Humedad del ambiente', 'Alta', 86, 80, 0, '2020-12-04', '08:36:43', 1, 3),
(255, 'Humedad del ambiente', 'Alta', 86, 80, 0, '2020-12-04', '08:37:44', 1, 3),
(256, 'Humedad del ambiente', 'Alta', 88, 80, 0, '2020-12-04', '08:39:46', 1, 3),
(257, 'Humedad del ambiente', 'Alta', 87, 80, 0, '2020-12-04', '08:40:43', 1, 3),
(258, 'Humedad del ambiente', 'Alta', 87, 80, 0, '2020-12-04', '08:41:43', 1, 3),
(259, 'Humedad del ambiente', 'Alta', 87, 80, 0, '2020-12-04', '08:42:43', 1, 3),
(260, 'Humedad del ambiente', 'Alta', 86, 80, 0, '2020-12-04', '08:43:43', 1, 3),
(261, 'Humedad del ambiente', 'Alta', 87, 80, 0, '2020-12-04', '08:44:44', 1, 3),
(262, 'Humedad del ambiente', 'Alta', 88, 80, 0, '2020-12-04', '08:45:45', 1, 3),
(263, 'Humedad del ambiente', 'Alta', 88, 80, 0, '2020-12-04', '08:46:44', 1, 3),
(264, 'Humedad del ambiente', 'Alta', 88, 80, 0, '2020-12-04', '08:47:44', 1, 3),
(265, 'Humedad del ambiente', 'Alta', 88, 80, 0, '2020-12-04', '08:48:44', 1, 3),
(266, 'Humedad del ambiente', 'Alta', 89, 80, 0, '2020-12-04', '08:49:44', 1, 3),
(267, 'Humedad del ambiente', 'Alta', 89, 80, 0, '2020-12-04', '08:50:44', 1, 3),
(268, 'Humedad del ambiente', 'Alta', 89, 80, 0, '2020-12-04', '08:51:47', 1, 3),
(269, 'Humedad del ambiente', 'Alta', 89, 80, 0, '2020-12-04', '08:52:47', 1, 3),
(270, 'Humedad del ambiente', 'Alta', 89, 80, 0, '2020-12-04', '08:53:47', 1, 3),
(271, 'Humedad del ambiente', 'Alta', 89, 80, 0, '2020-12-04', '08:54:49', 1, 3),
(272, 'Humedad del ambiente', 'Alta', 89, 80, 0, '2020-12-04', '08:55:49', 1, 3),
(273, 'Humedad del ambiente', 'Alta', 90, 80, 0, '2020-12-04', '08:56:50', 1, 3),
(274, 'Humedad del ambiente', 'Alta', 89, 80, 0, '2020-12-04', '08:57:49', 1, 3),
(275, 'Humedad del ambiente', 'Alta', 89, 80, 0, '2020-12-04', '08:58:50', 1, 3),
(276, 'Humedad del ambiente', 'Alta', 89, 80, 0, '2020-12-04', '08:59:50', 1, 3),
(277, 'Humedad del ambiente', 'Alta', 89, 80, 0, '2020-12-04', '09:00:50', 1, 3),
(278, 'Humedad del ambiente', 'Alta', 88, 80, 0, '2020-12-04', '09:01:53', 1, 3),
(279, 'Humedad del ambiente', 'Alta', 88, 80, 0, '2020-12-04', '09:02:52', 1, 3),
(280, 'Humedad del ambiente', 'Alta', 89, 80, 0, '2020-12-04', '09:03:51', 1, 3),
(281, 'Humedad del ambiente', 'Alta', 89, 80, 0, '2020-12-04', '09:04:52', 1, 3),
(282, 'Humedad del ambiente', 'Alta', 89, 80, 0, '2020-12-04', '09:05:51', 1, 3),
(283, 'Humedad del ambiente', 'Alta', 89, 80, 0, '2020-12-04', '09:06:51', 1, 3),
(284, 'Humedad del ambiente', 'Alta', 89, 80, 0, '2020-12-04', '09:07:54', 1, 3),
(285, 'Humedad del ambiente', 'Alta', 89, 80, 0, '2020-12-04', '09:08:51', 1, 3),
(286, 'Humedad del ambiente', 'Alta', 89, 80, 0, '2020-12-04', '09:09:52', 1, 3),
(287, 'Humedad del ambiente', 'Alta', 89, 80, 0, '2020-12-04', '09:10:52', 1, 3),
(288, 'Humedad del ambiente', 'Alta', 88, 80, 0, '2020-12-04', '09:11:52', 1, 3),
(289, 'Humedad del ambiente', 'Alta', 88, 80, 0, '2020-12-04', '09:12:52', 1, 3),
(290, 'Humedad del ambiente', 'Alta', 88, 80, 0, '2020-12-04', '09:13:52', 1, 3),
(291, 'Humedad del ambiente', 'Alta', 88, 80, 0, '2020-12-04', '09:14:54', 1, 3),
(292, 'Humedad del ambiente', 'Alta', 87, 80, 0, '2020-12-04', '09:15:53', 1, 3),
(293, 'Humedad del ambiente', 'Alta', 87, 80, 0, '2020-12-04', '09:16:53', 1, 3),
(294, 'Humedad del ambiente', 'Alta', 88, 80, 0, '2020-12-04', '09:17:53', 1, 3),
(295, 'Humedad del ambiente', 'Alta', 88, 80, 0, '2020-12-04', '09:18:54', 1, 3),
(296, 'Humedad del ambiente', 'Alta', 88, 80, 0, '2020-12-04', '09:19:56', 1, 3),
(297, 'Humedad del ambiente', 'Alta', 88, 80, 0, '2020-12-04', '09:20:54', 1, 3),
(298, 'Humedad del ambiente', 'Alta', 88, 80, 0, '2020-12-04', '09:21:54', 1, 3),
(299, 'Temperatura', 'Baja', 21, 30, 25, '2020-12-04', '09:21:56', 1, 1),
(300, 'Temperatura', 'Baja', 21, 30, 25, '2020-12-04', '09:22:26', 1, 1),
(301, 'Humedad del ambiente', 'Alta', 88, 80, 0, '2020-12-04', '09:22:55', 1, 3),
(302, 'Temperatura', 'Baja', 22, 30, 25, '2020-12-04', '09:22:56', 1, 1),
(303, 'Temperatura', 'Baja', 22, 30, 25, '2020-12-04', '09:23:26', 1, 1),
(304, 'Humedad del ambiente', 'Alta', 87, 80, 0, '2020-12-04', '09:23:55', 1, 3),
(305, 'Temperatura', 'Baja', 22, 30, 25, '2020-12-04', '09:23:57', 1, 1),
(306, 'Temperatura', 'Baja', 22, 30, 25, '2020-12-04', '09:24:27', 1, 1),
(307, 'Humedad del ambiente', 'Alta', 87, 80, 0, '2020-12-04', '09:24:55', 1, 3),
(308, 'Temperatura', 'Baja', 22, 30, 25, '2020-12-04', '09:24:57', 1, 1),
(309, 'Humedad del ambiente', 'Alta', 87, 80, 0, '2020-12-04', '09:25:56', 1, 3),
(310, 'Humedad del ambiente', 'Alta', 88, 80, 0, '2020-12-04', '09:27:02', 1, 3),
(311, 'Humedad del ambiente', 'Alta', 89, 80, 0, '2020-12-04', '09:27:59', 1, 3),
(312, 'Humedad del ambiente', 'Alta', 88, 80, 0, '2020-12-04', '09:28:56', 1, 3),
(313, 'Humedad del ambiente', 'Alta', 88, 80, 0, '2020-12-04', '09:29:58', 1, 3),
(314, 'Humedad del ambiente', 'Alta', 88, 80, 0, '2020-12-04', '09:30:58', 1, 3),
(315, 'Humedad del ambiente', 'Alta', 88, 80, 0, '2020-12-04', '09:31:58', 1, 3),
(316, 'Humedad del ambiente', 'Alta', 88, 80, 0, '2020-12-04', '09:32:58', 1, 3),
(317, 'Intensidad de luz solar', 'Alta', 93, 90, 0, '2020-12-04', '09:33:39', 1, 19),
(318, 'Intensidad de luz solar', 'Alta', 95, 90, 0, '2020-12-04', '09:33:55', 1, 19),
(319, 'Intensidad de luz solar', 'Alta', 94, 90, 0, '2020-12-04', '09:34:16', 1, 19),
(320, 'Temperatura', 'Baja', 21, 40, 25, '2020-12-04', '09:37:00', 1, 19),
(321, 'Temperatura', 'Baja', 21, 40, 25, '2020-12-04', '09:37:15', 1, 19),
(322, 'Temperatura', 'Baja', 21, 40, 25, '2020-12-04', '09:37:30', 1, 19),
(323, 'Temperatura', 'Baja', 21, 40, 25, '2020-12-04', '09:37:44', 1, 19),
(324, 'Temperatura', 'Baja', 21, 40, 25, '2020-12-04', '09:38:00', 1, 19),
(325, 'Temperatura', 'Baja', 21, 40, 25, '2020-12-04', '09:38:16', 1, 19),
(326, 'Humedad del suelo', 'Alta', 57, 50, 10, '2020-12-04', '09:38:16', 1, 19),
(327, 'Temperatura', 'Baja', 21, 40, 25, '2020-12-04', '09:38:32', 1, 19),
(328, 'Humedad del suelo', 'Alta', 57, 50, 10, '2020-12-04', '09:38:32', 1, 19),
(329, 'Temperatura', 'Baja', 21, 40, 25, '2020-12-04', '09:38:46', 1, 19),
(330, 'Humedad del suelo', 'Alta', 57, 50, 10, '2020-12-04', '09:38:46', 1, 19),
(331, 'Temperatura', 'Baja', 21, 40, 25, '2020-12-04', '09:39:01', 1, 19),
(332, 'Humedad del suelo', 'Alta', 57, 50, 10, '2020-12-04', '09:39:01', 1, 19),
(333, 'Temperatura', 'Baja', 21, 40, 25, '2020-12-04', '09:39:16', 1, 19);

-- --------------------------------------------------------

--
-- Estructura de tabla para la tabla `dispositivo`
--

CREATE TABLE `dispositivo` (
  `Id` int(11) NOT NULL,
  `Estado` enum('Activo','Inactivo') COLLATE utf8_unicode_ci NOT NULL,
  `Nombre` varchar(30) COLLATE utf8_unicode_ci NOT NULL,
  `Latitud` varchar(50) COLLATE utf8_unicode_ci NOT NULL,
  `Longitud` varchar(50) COLLATE utf8_unicode_ci NOT NULL,
  `Id_usuario` int(11) NOT NULL,
  `Id_rango` int(11) NOT NULL
) ENGINE=InnoDB DEFAULT CHARSET=utf8 COLLATE=utf8_unicode_ci;

--
-- Volcado de datos para la tabla `dispositivo`
--

INSERT INTO `dispositivo` (`Id`, `Estado`, `Nombre`, `Latitud`, `Longitud`, `Id_usuario`, `Id_rango`) VALUES
(1, 'Activo', 'DEMO12', '2.41896', '-76.59851', 4, 1),
(2, 'Inactivo', 'DEMO_JAVIER6', '2.41897', '-76.5986', 2, 1),
(3, 'Activo', 'D1', '2.43968', '-76.612571', 2, 3),
(4, 'Activo', 'Local', '2,41896', '-76,59851', 2, 5),
(5, 'Activo', 'Remoto', '2,41886', '-76,59860', 2, 1),
(6, 'Activo', 'Norte', '2,41899', '-76,59851', 13, 1),
(7, 'Inactivo', 'Sur', '2,41883', '-76,59856', 15, 5),
(8, 'Inactivo', 'realmadrid', '2.478544', '-76.560188', 3, 4),
(9, 'Activo', 'DEMO3', '2.441369', '-76.608067', 15, 5),
(10, 'Activo', 'demo21', '2.439697', '-76.613067', 13, 6),
(11, 'Activo', 'Occidente', '2,41896', '-76,59851', 2, 1),
(12, 'Activo', 'Alto', '2,41890', '-76,59841', 15, 5),
(15, 'Inactivo', 'dvm', '2.439611', '-76.612627', 4, 10),
(16, 'Activo', 'fds', '2.44004', '-76.613647', 15, 11),
(17, 'Activo', 'demo22', '2.442741', '-76.614204', 13, 12),
(18, 'Inactivo', 'PRUEBA1', '2.441112', '-76.611115', 19, 13),
(19, 'Activo', 'PRUEBA2', '47871', '-76.56051', 2, 14),
(20, 'Activo', 'Diciembre', '2.444113', '-76.606351', 2, 15),
(21, 'Activo', 'ApliWeb1', '2.41896', '-76.59851', 4, 1),
(22, 'Inactivo', 'ApliWeb2', '2.41896', '-76.59851', 4, 1),
(25, 'Activo', 'Apliweb3', '2.41896', '-76.59851', 4, 4),
(26, 'Inactivo', 'Tomate', '2.41891', '-76.59849', 4, 1),
(27, 'Activo', 'Mango', '2.41899', '-76.59850', 4, 3),
(28, 'Inactivo', 'Respaldo', '2.41876', '-76.59858', 2, 15),
(29, 'Inactivo', 'ABCD', '2.41886', '-76.59852', 2, 3),
(30, 'Activo', 'Centro', '2.41896', '-76.59851', 4, 3);

-- --------------------------------------------------------

--
-- Estructura de tabla para la tabla `parametros`
--

CREATE TABLE `parametros` (
  `Id` int(11) NOT NULL,
  `Temperatura` float NOT NULL,
  `Humedad_suelo` float NOT NULL,
  `Humedad_ambiente` float NOT NULL,
  `Precipitaciones` tinyint(1) NOT NULL,
  `Intensidad_luz_solar` float NOT NULL,
  `Fecha` date NOT NULL,
  `Hora` time NOT NULL,
  `Id_dispositivo` int(11) NOT NULL
) ENGINE=InnoDB DEFAULT CHARSET=utf8 COLLATE=utf8_unicode_ci;

--
-- Volcado de datos para la tabla `parametros`
--

INSERT INTO `parametros` (`Id`, `Temperatura`, `Humedad_suelo`, `Humedad_ambiente`, `Precipitaciones`, `Intensidad_luz_solar`, `Fecha`, `Hora`, `Id_dispositivo`) VALUES
(2, 27, 39, 42, 0, 51, '2020-09-30', '22:34:11', 2),
(4, 10, 12, 11, 0, 53, '2020-09-30', '23:00:35', 2),
(5, 22, 10, 76.25, 0, 51, '2020-10-03', '16:59:19', 2),
(8, 23, 9, 63, 0, 49, '2020-10-08', '20:30:33', 1),
(9, 23, 8, 62, 1, 50, '2020-10-08', '20:30:43', 1),
(10, 23, 9, 62, 0, 52, '2020-10-08', '20:30:53', 1),
(11, 23, 10, 62, 0, 40, '2020-10-08', '20:31:03', 2),
(12, 23, 11, 62, 1, 48, '2020-10-08', '20:36:32', 1),
(13, 23, 10, 62, 0, 51, '2020-10-08', '20:36:41', 2),
(14, 23, 9, 62.26, 1, 50, '2020-10-08', '20:36:53', 1),
(15, 23, 8, 66.02, 1, 53, '2020-10-08', '20:54:24', 1),
(16, 23, 9, 66.29, 0, 48, '2020-10-08', '20:54:33', 1),
(17, 23, 10, 66, 1, 51, '2020-10-08', '20:54:45', 1),
(18, 23, 11, 66, 0, 48, '2020-10-08', '20:54:55', 1),
(19, 23, 10, 65, 0, 50, '2020-10-08', '21:04:05', 1),
(48, 22, 10, 61.74, 1, 0, '2020-10-08', '22:49:20', 1),
(49, 23, 0, 57, 0, 90, '2020-10-08', '23:15:23', 1),
(50, 23.52, 0, 54, 0, 90, '2020-10-08', '23:15:33', 1),
(51, 24, 0, 54, 0, 90, '2020-10-08', '23:15:44', 1),
(52, 23, 0, 55, 0, 90, '2020-10-08', '23:24:52', 1),
(53, 23.53, 0, 53.73, 0, 90, '2020-10-08', '23:25:02', 1),
(54, 24, 0, 53, 0, 90, '2020-10-08', '23:25:13', 1),
(55, 23.99, 0, 53, 0, 90, '2020-10-08', '23:25:23', 1),
(56, 24, 0, 53, 0, 90, '2020-10-08', '23:25:35', 1),
(57, 24, 0, 53, 0, 90, '2020-10-08', '23:26:07', 1),
(58, 24, 0, 53.81, 0, 90, '2020-10-08', '23:26:19', 1),
(59, 23.99, 0, 53, 0, 88, '2020-10-08', '23:27:10', 1),
(60, 24, 0, 53, 0, 90, '2020-10-08', '23:27:20', 1),
(61, 23, 0, 57, 0, 88, '2020-10-08', '23:51:13', 1),
(62, 22.82, 0, 57, 0, 90, '2020-10-08', '23:51:24', 1),
(63, 23, 0, 56.75, 0, 90, '2020-10-08', '23:51:33', 1),
(64, 23, 0, 56.46, 0, 90, '2020-10-08', '23:51:42', 1),
(65, 23, 0, 56, 0, 90, '2020-10-08', '23:51:52', 1),
(66, 23, 0, 56, 0, 90, '2020-10-08', '23:52:02', 1),
(67, 23, 0, 56, 0, 90, '2020-10-08', '23:52:13', 1),
(68, 23, 0, 56, 0, 90, '2020-10-08', '23:52:23', 1),
(69, 23, 0, 56, 0, 90, '2020-10-08', '23:52:37', 1),
(70, 23, 0, 56, 0, 90, '2020-10-08', '23:52:44', 1),
(71, 23, 0, 56, 0, 90, '2020-10-08', '23:52:54', 1),
(72, 23, 0, 55.39, 0, 90, '2020-10-08', '23:53:04', 1),
(73, 22, 0, 57, 0, 86, '2020-10-09', '07:31:00', 1),
(74, 22, 0, 57, 0, 88, '2020-10-09', '07:31:10', 1),
(75, 22, 0, 57, 0, 88, '2020-10-09', '07:31:20', 1),
(76, 22, 0, 57, 0, 88, '2020-10-09', '07:31:32', 1),
(77, 22, 0, 57, 0, 86, '2020-10-09', '07:31:41', 1),
(78, 22, 0, 57, 0, 87, '2020-10-09', '07:31:51', 1),
(79, 22, 0, 57, 0, 87, '2020-10-09', '07:32:03', 1),
(80, 22, 0, 56.49, 0, 89, '2020-10-09', '07:48:09', 1),
(81, 22, 0, 56, 0, 89, '2020-10-09', '07:48:19', 1),
(82, 22, 0, 56, 0, 89, '2020-10-09', '07:48:30', 1),
(83, 22, 0, 56, 0, 89, '2020-10-09', '07:48:40', 1),
(84, 22.26, 0, 56, 0, 89, '2020-10-09', '07:48:50', 1),
(85, 22.5, 0, 56, 0, 89, '2020-10-09', '07:49:01', 1),
(86, 22.16, 0, 56, 0, 89, '2020-10-09', '07:49:11', 1),
(87, 22.73, 0, 55.99, 0, 89, '2020-10-09', '07:49:21', 1),
(88, 22.25, 0, 55.25, 0, 89, '2020-10-09', '07:49:32', 1),
(89, 22, 0, 55.76, 0, 89, '2020-10-09', '07:49:42', 1),
(90, 22, 0, 56, 0, 89, '2020-10-09', '07:50:34', 1),
(91, 20, 0, 78, 0, 39, '2020-11-18', '17:31:38', 1),
(92, 20, 0, 74, 0, 40, '2020-11-18', '17:31:48', 1),
(93, 20, 0, 74.25, 0, 41, '2020-11-18', '17:31:58', 1),
(94, 20, 0, 74, 0, 41, '2020-11-18', '17:32:08', 1),
(95, 20, 0, 74, 0, 41, '2020-11-18', '17:32:19', 1),
(96, 20, 0, 74, 0, 40, '2020-11-18', '17:32:29', 1),
(97, 20, 0, 74, 0, 40, '2020-11-18', '17:32:39', 1),
(98, 19, 0, 78, 0, 18, '2020-11-18', '18:54:54', 1),
(99, 19.75, 0, 74, 0, 19, '2020-11-18', '18:55:04', 1),
(100, 20, 0, 74, 0, 22, '2020-11-18', '18:55:16', 1),
(101, 20, 0, 74, 0, 19, '2020-11-18', '18:55:25', 1),
(102, 20, 0, 74, 0, 18, '2020-11-18', '18:55:35', 1),
(103, 20, 0, 74, 0, 19, '2020-11-18', '18:55:45', 1),
(104, 20, 0, 74, 0, 19, '2020-11-18', '18:55:55', 1),
(105, 20, 0, 74, 0, 19, '2020-11-18', '18:56:05', 1),
(106, 20, 0, 74, 0, 19, '2020-11-18', '18:56:15', 1),
(107, 20, 0, 74, 0, 18, '2020-11-18', '18:56:25', 1),
(108, 20, 0, 74, 0, 19, '2020-11-18', '18:56:35', 1),
(109, 20, 0, 74, 0, 18, '2020-11-18', '18:56:45', 1),
(110, 20, 0, 74, 0, 18, '2020-11-18', '18:56:55', 1),
(111, 20, 0, 74, 0, 19, '2020-11-18', '18:57:05', 1),
(112, 20, 0, 74, 0, 19, '2020-11-18', '18:57:15', 1),
(113, 20, 0, 73.74, 0, 18, '2020-11-18', '18:57:25', 1),
(114, 20, 0, 73, 0, 18, '2020-11-18', '18:57:35', 1),
(115, 20, 0, 73, 0, 18, '2020-11-18', '18:57:45', 1),
(116, 20, 0, 73, 0, 18, '2020-11-18', '18:57:55', 1),
(117, 20, 0, 73, 0, 19, '2020-11-18', '18:58:06', 1),
(118, 20, 0, 73, 0, 18, '2020-11-18', '18:58:16', 1),
(119, 20, 0, 73, 0, 18, '2020-11-18', '18:58:26', 1),
(120, 20, 0, 73, 0, 18, '2020-11-18', '18:58:36', 1),
(121, 20, 0, 73, 0, 18, '2020-11-18', '18:58:46', 1),
(122, 20, 0, 73, 0, 19, '2020-11-18', '18:58:56', 1),
(123, 20, 0, 73, 0, 19, '2020-11-18', '18:59:06', 1),
(124, 20, 0, 73, 0, 18, '2020-11-18', '18:59:16', 1),
(125, 20, 0, 73, 0, 19, '2020-11-18', '18:59:26', 1),
(126, 19, 0, 80, 0, 18, '2020-11-18', '19:43:35', 1),
(127, 19, 0, 75, 0, 19, '2020-11-18', '19:43:45', 1),
(128, 19, 0, 75, 0, 19, '2020-11-18', '19:43:55', 1),
(129, 20, 0, 75, 0, 20, '2020-11-18', '19:44:06', 1),
(130, 20, 0, 75, 0, 18, '2020-11-18', '19:44:16', 1),
(131, 19.5, 0, 75, 0, 18, '2020-11-18', '19:44:26', 1),
(132, 20, 0, 75, 0, 20, '2020-11-18', '19:44:36', 1),
(133, 20, 0, 75, 0, 19, '2020-11-18', '19:44:46', 1),
(134, 20, 0, 75, 0, 19, '2020-11-18', '19:44:56', 1),
(135, 20, 0, 75, 0, 18, '2020-11-18', '19:45:06', 1),
(136, 20, 0, 75, 0, 20, '2020-11-18', '19:45:17', 1),
(137, 20, 0, 75, 0, 18, '2020-11-18', '19:45:27', 1),
(138, 20, 0, 75, 0, 18, '2020-11-18', '19:45:37', 1),
(139, 20, 0, 74, 0, 18, '2020-11-18', '19:45:47', 1),
(140, 20, 0, 74, 0, 21, '2020-11-18', '19:45:57', 1),
(141, 20, 0, 74, 0, 19, '2020-11-18', '19:46:07', 1),
(142, 20, 0, 74, 0, 18, '2020-11-18', '19:46:17', 1),
(143, 20, 0, 74, 0, 19, '2020-11-18', '19:46:27', 1),
(144, 20, 0, 74, 0, 19, '2020-11-18', '19:46:37', 1),
(145, 20, 0, 74, 0, 19, '2020-11-18', '19:46:47', 1),
(146, 20, 0, 74, 0, 18, '2020-11-18', '19:46:57', 1),
(147, 20, 0, 74, 0, 19, '2020-11-18', '19:47:07', 1),
(148, 20, 0, 74, 0, 19, '2020-11-18', '19:47:17', 1),
(149, 20, 0, 73, 0, 19, '2020-11-18', '19:47:27', 1),
(150, 20, 0, 73, 0, 19, '2020-11-18', '19:47:38', 1),
(151, 20, 0, 73, 0, 19, '2020-11-18', '19:47:48', 1),
(152, 20, 0, 73, 0, 18, '2020-11-18', '19:47:58', 1),
(153, 20, 0, 73, 0, 18, '2020-11-18', '19:48:08', 1),
(154, 20, 0, 73, 0, 18, '2020-11-18', '19:48:18', 1),
(155, 20, 0, 73, 0, 18, '2020-11-18', '19:48:28', 1),
(156, 20, 0, 73, 0, 18, '2020-11-18', '19:48:38', 1),
(157, 20, 0, 73, 0, 19, '2020-11-18', '19:48:48', 1),
(158, 18, 0, 85, 0, 47, '2020-11-20', '07:53:14', 1),
(159, 18, 0, 81.5, 0, 45, '2020-11-20', '07:53:24', 1),
(160, 18, 0, 81.25, 0, 44, '2020-11-20', '07:53:34', 1),
(161, 18, 0, 81, 0, 45, '2020-11-20', '07:53:44', 1),
(162, 18.8, 0, 81, 0, 46, '2020-11-20', '07:53:54', 1),
(163, 18.75, 0, 81, 0, 45, '2020-11-20', '07:54:05', 1),
(164, 19, 0, 81, 0, 43, '2020-11-20', '07:54:15', 1),
(165, 19, 0, 81, 0, 44, '2020-11-20', '07:54:25', 1),
(166, 19, 0, 81, 0, 45, '2020-11-20', '07:54:35', 1),
(167, 19, 0, 81, 0, 44, '2020-11-20', '07:54:45', 1),
(168, 19, 0, 81, 0, 45, '2020-11-20', '07:54:55', 1),
(169, 19, 0, 81.24, 0, 45, '2020-11-20', '07:55:06', 1),
(170, 19, 0, 81, 0, 45, '2020-11-20', '07:55:16', 1),
(171, 19, 0, 81, 0, 46, '2020-11-20', '07:55:26', 1),
(172, 19, 0, 81.75, 0, 45, '2020-11-20', '07:55:36', 1),
(173, 19, 0, 81.5, 0, 45, '2020-11-20', '07:55:46', 1),
(174, 19, 0, 81.74, 0, 46, '2020-11-20', '07:55:56', 1),
(175, 19, 0, 82, 0, 45, '2020-11-20', '07:56:06', 1),
(176, 19, 0, 82, 0, 47, '2020-11-20', '07:56:16', 1),
(177, 19, 0, 81.75, 0, 47, '2020-11-20', '07:56:27', 1),
(178, 19, 0, 81, 0, 47, '2020-11-20', '07:56:37', 1),
(179, 19, 0, 81, 0, 48, '2020-11-20', '07:56:47', 1),
(180, 19, 0, 81, 0, 49, '2020-11-20', '07:56:58', 1),
(181, 19, 0, 81, 0, 48, '2020-11-20', '07:57:08', 1),
(182, 19, 0, 81, 0, 49, '2020-11-20', '07:57:18', 1),
(183, 19, 0, 81, 0, 49, '2020-11-20', '07:57:28', 1),
(184, 19, 0, 81, 0, 49, '2020-11-20', '07:57:38', 1),
(185, 19, 0, 81, 0, 56, '2020-11-20', '07:57:49', 1),
(186, 19, 0, 81, 0, 56, '2020-11-20', '07:57:59', 1),
(187, 19, 0, 81, 0, 56, '2020-11-20', '07:58:09', 1),
(188, 19, 0, 81, 0, 56, '2020-11-20', '07:58:19', 1),
(189, 19, 0, 80.49, 0, 53, '2020-11-20', '07:58:29', 1),
(190, 19, 0, 80, 0, 58, '2020-11-20', '07:58:39', 1),
(191, 19, 0, 80, 0, 61, '2020-11-20', '07:58:49', 1),
(192, 19, 0, 80, 0, 58, '2020-11-20', '07:58:59', 1),
(193, 19, 0, 80.25, 1, 56, '2020-11-20', '07:59:10', 1),
(194, 19, 0, 80, 1, 61, '2020-11-20', '07:59:20', 1),
(195, 19, 0, 80, 1, 60, '2020-11-20', '07:59:30', 1),
(196, 19, 0, 80, 1, 60, '2020-11-20', '07:59:40', 1),
(197, 19, 0, 80, 1, 62, '2020-11-20', '07:59:50', 1),
(198, 19, 0, 80, 1, 62, '2020-11-20', '08:00:00', 1),
(199, 19, 0, 80, 1, 63, '2020-11-20', '08:00:10', 1),
(200, 19, 0, 80, 1, 62, '2020-11-20', '08:00:20', 1),
(201, 19, 0, 80, 1, 62, '2020-11-20', '08:00:30', 1),
(202, 19, 0, 80, 1, 60, '2020-11-20', '08:00:41', 1),
(203, 19, 0, 80, 1, 63, '2020-11-20', '08:00:51', 1),
(204, 19, 0, 80, 1, 63, '2020-11-20', '08:01:00', 1),
(205, 19, 0, 80, 1, 64, '2020-11-20', '08:01:11', 1),
(206, 19, 0, 80, 1, 46, '2020-11-20', '08:01:21', 1),
(207, 19, 0, 80, 1, 56, '2020-11-20', '08:01:31', 1),
(208, 19, 1, 80, 1, 63, '2020-11-20', '08:01:41', 1),
(209, 19, 1, 80, 1, 64, '2020-11-20', '08:01:51', 1),
(210, 19, 1, 80, 1, 64, '2020-11-20', '08:02:01', 1),
(211, 19, 1, 80, 1, 45, '2020-11-20', '08:02:12', 1),
(212, 19, 0, 80, 1, 48, '2020-11-20', '08:02:22', 1),
(213, 19, 0, 80, 1, 48, '2020-11-20', '08:02:32', 1),
(214, 19, 1, 80, 1, 63, '2020-11-20', '08:02:42', 1),
(215, 19, 1, 80, 1, 55, '2020-11-20', '08:02:52', 1),
(216, 19, 1, 79.44, 1, 64, '2020-11-20', '08:03:02', 1),
(217, 19, 1, 79.51, 1, 64, '2020-11-20', '08:03:12', 1),
(218, 19, 1, 79.25, 1, 63, '2020-11-20', '08:03:22', 1),
(219, 19, 1, 79, 1, 64, '2020-11-20', '08:03:32', 1),
(220, 19, 1, 79, 1, 63, '2020-11-20', '08:03:42', 1),
(221, 19, 1, 79.24, 1, 52, '2020-11-20', '08:03:52', 1),
(222, 19, 24, 79.26, 1, 43, '2020-11-20', '08:04:03', 1),
(223, 19, 25, 79, 1, 64, '2020-11-20', '08:04:12', 1),
(224, 19, 22, 79, 1, 62, '2020-11-20', '08:04:22', 1),
(225, 19, 21, 79, 1, 64, '2020-11-20', '08:04:32', 1),
(226, 19, 20, 79, 1, 64, '2020-11-20', '08:04:43', 1),
(227, 19, 19, 79, 1, 64, '2020-11-20', '08:04:53', 1),
(228, 19, 19, 79, 1, 64, '2020-11-20', '08:05:03', 1),
(229, 19, 19, 79, 1, 64, '2020-11-20', '08:05:13', 1),
(230, 19, 18, 79, 1, 64, '2020-11-20', '08:05:23', 1),
(231, 19, 18, 79, 1, 64, '2020-11-20', '08:05:33', 1),
(232, 19, 18, 79, 1, 64, '2020-11-20', '08:05:43', 1),
(233, 19, 19, 79, 1, 65, '2020-11-20', '08:05:53', 1),
(234, 19, 18, 79, 1, 65, '2020-11-20', '08:06:03', 1),
(235, 19, 18, 79, 1, 65, '2020-11-20', '08:06:13', 1),
(236, 19, 18, 79, 1, 64, '2020-11-20', '08:06:23', 1),
(237, 19, 18, 79, 1, 65, '2020-11-20', '08:06:33', 1),
(238, 19, 19, 78.74, 1, 63, '2020-11-20', '08:06:43', 1),
(239, 19, 19, 79, 1, 64, '2020-11-20', '08:06:53', 1),
(240, 19.24, 19, 78.76, 1, 64, '2020-11-20', '08:07:03', 1),
(241, 19, 19, 78.21, 1, 64, '2020-11-20', '08:07:13', 1),
(242, 19, 19, 78, 1, 64, '2020-11-20', '08:07:23', 1),
(243, 19, 19, 78, 1, 64, '2020-11-20', '08:07:33', 1),
(244, 19.51, 19, 78, 1, 64, '2020-11-20', '08:07:43', 1),
(245, 20, 19, 78, 1, 64, '2020-11-20', '08:07:53', 1),
(246, 19.76, 20, 78, 1, 64, '2020-11-20', '08:08:04', 1),
(247, 20, 19, 78, 1, 64, '2020-11-20', '08:08:14', 1),
(248, 20, 20, 78, 1, 64, '2020-11-20', '08:08:24', 1),
(249, 20, 20, 78, 1, 64, '2020-11-20', '08:08:34', 1),
(250, 20, 20, 78, 1, 64, '2020-11-20', '08:08:44', 1),
(251, 20, 20, 78, 1, 64, '2020-11-20', '08:08:54', 1),
(252, 20, 20, 78, 1, 64, '2020-11-20', '08:09:04', 1),
(253, 20, 20, 78, 1, 64, '2020-11-20', '08:09:14', 1),
(254, 20, 20, 78, 1, 64, '2020-11-20', '08:09:24', 1),
(255, 20, 20, 78, 1, 64, '2020-11-20', '08:09:34', 1),
(256, 20, 20, 78, 1, 64, '2020-11-20', '08:09:44', 1),
(257, 20, 20, 78, 1, 64, '2020-11-20', '08:09:54', 1),
(258, 20, 20, 78, 1, 64, '2020-11-20', '08:10:04', 1),
(259, 20, 21, 78, 1, 64, '2020-11-20', '08:10:14', 1),
(260, 20, 20, 78, 1, 63, '2020-11-20', '08:10:24', 1),
(261, 20, 20, 78, 1, 63, '2020-11-20', '08:10:44', 1),
(262, 20, 20, 78, 1, 63, '2020-11-20', '08:10:54', 1),
(263, 20, 20, 78, 1, 63, '2020-11-20', '08:11:04', 1),
(264, 20, 20, 78, 1, 63, '2020-11-20', '08:11:14', 1),
(265, 20, 20, 78, 1, 62, '2020-11-20', '08:11:24', 1),
(266, 20, 20, 78, 1, 61, '2020-11-20', '08:11:34', 1),
(267, 20, 20, 78, 1, 61, '2020-11-20', '08:11:45', 1),
(268, 20, 20, 77.74, 1, 61, '2020-11-20', '08:11:55', 1),
(269, 20, 20, 77, 1, 60, '2020-11-20', '08:12:05', 1),
(270, 20, 20, 77, 1, 61, '2020-11-20', '08:12:16', 1),
(271, 20, 20, 77.4, 1, 60, '2020-11-20', '08:12:25', 1),
(272, 20, 20, 77.02, 1, 61, '2020-11-20', '08:12:36', 1),
(273, 20, 20, 77.33, 1, 60, '2020-11-20', '08:12:46', 1),
(274, 19.69, 20, 77.33, 1, 60, '2020-11-20', '08:12:56', 1),
(275, 20, 19, 77, 1, 60, '2020-11-20', '08:13:06', 1),
(276, 20, 20, 77, 1, 60, '2020-11-20', '08:13:16', 1),
(277, 20, 20, 77, 1, 59, '2020-11-20', '08:13:26', 1),
(278, 20, 19, 81, 1, 64, '2020-11-20', '09:38:51', 2),
(279, 21, 8, 76.25, 1, 62, '2020-11-20', '09:39:01', 2),
(280, 21, 8, 76, 1, 62, '2020-11-20', '09:39:11', 2),
(281, 21, 8, 76, 1, 62, '2020-11-20', '09:39:21', 2),
(282, 21, 8, 76, 1, 62, '2020-11-20', '09:39:31', 2),
(283, 21, 8, 76, 1, 62, '2020-11-20', '09:39:41', 2),
(284, 21, 9, 76, 1, 62, '2020-11-20', '09:39:51', 2),
(285, 21, 8, 76, 1, 62, '2020-11-20', '09:40:01', 2),
(286, 21, 8, 76, 1, 63, '2020-11-20', '09:40:11', 2),
(287, 21, 9, 76, 1, 63, '2020-11-20', '09:40:21', 2),
(288, 21, 9, 76, 1, 63, '2020-11-20', '09:40:31', 2),
(289, 21, 9, 76, 1, 63, '2020-11-20', '09:40:41', 2),
(290, 21, 9, 75, 1, 63, '2020-11-20', '09:40:51', 2),
(291, 21, 9, 75, 1, 63, '2020-11-20', '09:41:02', 2),
(292, 21, 9, 75, 1, 63, '2020-11-20', '09:41:12', 2),
(293, 21, 9, 75, 1, 63, '2020-11-20', '09:41:22', 2),
(294, 21, 9, 75, 1, 62, '2020-11-20', '09:41:32', 2),
(295, 21, 9, 75, 1, 63, '2020-11-20', '09:41:42', 2),
(296, 21, 9, 75, 1, 63, '2020-11-20', '09:41:52', 2),
(297, 21, 9, 75, 1, 63, '2020-11-20', '09:42:02', 2),
(298, 21, 10, 75, 1, 64, '2020-11-20', '09:42:12', 2),
(299, 21, 10, 75, 1, 64, '2020-11-20', '09:42:22', 2),
(300, 21, 9, 75, 1, 64, '2020-11-20', '09:42:32', 2),
(301, 21, 9, 75, 1, 64, '2020-11-20', '09:42:42', 2),
(302, 21, 10, 74.99, 1, 65, '2020-11-20', '09:42:52', 2),
(303, 21, 10, 74.42, 1, 65, '2020-11-20', '09:43:02', 2),
(304, 21, 10, 74, 1, 65, '2020-11-20', '09:43:12', 2),
(305, 21.25, 10, 74, 1, 65, '2020-11-20', '09:43:22', 2),
(306, 21, 10, 74, 1, 65, '2020-11-20', '09:43:32', 2),
(307, 21.25, 10, 74, 1, 65, '2020-11-20', '09:43:43', 2),
(308, 21.46, 10, 74, 1, 65, '2020-11-20', '09:43:52', 2),
(309, 21, 10, 74, 1, 66, '2020-11-20', '09:44:03', 2),
(310, 21.24, 9, 74, 1, 66, '2020-11-20', '09:44:13', 2),
(311, 21, 9, 74, 1, 66, '2020-11-20', '09:44:23', 2),
(312, 21.26, 10, 74, 1, 66, '2020-11-20', '09:44:33', 2),
(313, 21.25, 9, 74, 1, 66, '2020-11-20', '09:44:43', 2),
(314, 21, 9, 74, 1, 66, '2020-11-20', '09:44:53', 2),
(315, 21, 22, 78, 1, 70, '2020-11-20', '09:50:15', 1),
(316, 21, 10, 74, 1, 68, '2020-11-20', '09:50:25', 1),
(317, 21, 11, 73.75, 1, 68, '2020-11-20', '09:50:35', 1),
(318, 21, 11, 74, 1, 67, '2020-11-20', '09:50:45', 1),
(319, 21, 11, 74, 1, 67, '2020-11-20', '09:50:55', 1),
(320, 21, 11, 74, 1, 68, '2020-11-20', '09:51:05', 1),
(321, 21, 11, 74, 1, 67, '2020-11-20', '09:51:15', 1),
(322, 21.25, 11, 74, 1, 67, '2020-11-20', '09:51:25', 1),
(323, 21.25, 11, 73.51, 1, 67, '2020-11-20', '09:51:35', 1),
(324, 21, 11, 73, 1, 67, '2020-11-20', '09:51:45', 1),
(325, 21.25, 11, 73, 1, 68, '2020-11-20', '09:51:55', 1),
(326, 21.52, 11, 73, 1, 68, '2020-11-20', '09:52:05', 1),
(327, 21, 12, 73, 1, 69, '2020-11-20', '09:52:16', 1),
(328, 21.74, 12, 73, 1, 69, '2020-11-20', '09:52:26', 1),
(329, 22, 11, 73, 1, 68, '2020-11-20', '09:52:37', 1),
(330, 21.74, 12, 73, 1, 68, '2020-11-20', '09:52:46', 1),
(331, 21.76, 12, 73, 1, 68, '2020-11-20', '09:52:56', 1),
(332, 22, 12, 73, 1, 69, '2020-11-20', '09:53:07', 1),
(333, 22, 11, 73, 1, 69, '2020-11-20', '09:53:17', 1),
(334, 22, 12, 73, 1, 69, '2020-11-20', '09:53:27', 1),
(335, 22, 12, 73, 1, 69, '2020-11-20', '09:53:37', 1),
(336, 22, 12, 73, 1, 69, '2020-11-20', '09:53:47', 1),
(337, 22, 12, 73, 1, 69, '2020-11-20', '09:53:57', 1),
(338, 22, 12, 73, 1, 69, '2020-11-20', '09:54:07', 1),
(339, 22, 12, 73, 1, 69, '2020-11-20', '09:54:17', 1),
(340, 22, 12, 73, 1, 69, '2020-11-20', '09:54:27', 1),
(341, 22, 12, 73, 1, 69, '2020-11-20', '09:54:37', 1),
(342, 22, 12, 73, 1, 69, '2020-11-20', '09:54:47', 1),
(343, 22, 11, 73, 1, 69, '2020-11-20', '09:54:57', 1),
(344, 22, 12, 72.49, 1, 69, '2020-11-20', '09:55:07', 1),
(345, 22, 12, 72, 1, 69, '2020-11-20', '09:55:17', 1),
(346, 22, 12, 72, 1, 69, '2020-11-20', '09:55:27', 1),
(347, 22, 12, 72, 1, 69, '2020-11-20', '09:55:37', 1),
(348, 22, 12, 72, 1, 69, '2020-11-20', '09:55:47', 1),
(349, 22, 12, 72, 1, 69, '2020-11-20', '09:55:57', 1),
(350, 22, 12, 72, 1, 69, '2020-11-20', '09:56:08', 1),
(351, 22, 12, 72, 1, 69, '2020-11-20', '09:56:17', 1),
(352, 22, 11, 72, 1, 68, '2020-11-20', '09:56:27', 1),
(353, 22, 12, 72, 1, 68, '2020-11-20', '09:56:37', 1),
(354, 22, 12, 72, 1, 68, '2020-11-20', '09:56:47', 1),
(355, 22, 12, 72, 1, 68, '2020-11-20', '09:56:57', 1),
(356, 22, 12, 72, 1, 69, '2020-11-20', '09:57:08', 1),
(357, 22, 12, 72, 1, 69, '2020-11-20', '09:57:17', 1),
(358, 22, 13, 72, 1, 70, '2020-11-20', '09:57:28', 1),
(359, 22, 12, 72, 1, 69, '2020-11-20', '09:57:38', 1),
(360, 22, 13, 72, 1, 69, '2020-11-20', '09:57:48', 1),
(361, 22, 13, 72, 1, 69, '2020-11-20', '09:57:58', 1),
(362, 22, 13, 72, 1, 69, '2020-11-20', '09:58:09', 1),
(363, 22, 13, 72, 1, 69, '2020-11-20', '09:58:18', 1),
(364, 22, 13, 72, 1, 69, '2020-11-20', '09:58:28', 1),
(365, 22, 13, 72, 1, 69, '2020-11-20', '09:58:39', 1),
(366, 22, 13, 72, 1, 70, '2020-11-20', '09:58:49', 1),
(367, 22, 13, 72, 1, 70, '2020-11-20', '09:58:59', 1),
(368, 22, 14, 72, 1, 71, '2020-11-20', '09:59:09', 1),
(369, 22, 14, 72, 1, 71, '2020-11-20', '09:59:19', 1),
(370, 22, 14, 72, 1, 71, '2020-11-20', '09:59:29', 1),
(371, 22, 14, 72, 1, 70, '2020-11-20', '09:59:39', 1),
(372, 22, 13, 72, 1, 70, '2020-11-20', '09:59:49', 1),
(373, 22, 13, 72, 1, 69, '2020-11-20', '09:59:59', 1),
(374, 22, 13, 72, 1, 69, '2020-11-20', '10:00:09', 1),
(375, 22, 14, 72.66, 1, 68, '2020-11-20', '10:00:19', 1),
(376, 22, 13, 72, 1, 68, '2020-11-20', '10:00:29', 1),
(377, 22, 13, 72.26, 1, 68, '2020-11-20', '10:00:39', 1),
(378, 22, 13, 73.5, 1, 67, '2020-11-20', '10:00:49', 1),
(379, 22, 13, 73, 1, 67, '2020-11-20', '10:00:59', 1),
(380, 22, 13, 73, 1, 67, '2020-11-20', '10:01:09', 1),
(381, 22, 13, 73, 1, 68, '2020-11-20', '10:01:19', 1),
(382, 22, 14, 73, 1, 68, '2020-11-20', '10:01:29', 1),
(383, 22, 13, 73, 1, 68, '2020-11-20', '10:01:39', 1),
(384, 22, 13, 73, 1, 69, '2020-11-20', '10:01:49', 1),
(385, 22, 13, 73, 1, 69, '2020-11-20', '10:02:00', 1),
(386, 22, 13, 73, 1, 69, '2020-11-20', '10:02:10', 1),
(387, 22, 13, 73, 1, 69, '2020-11-20', '10:02:20', 1),
(388, 22, 13, 72.75, 1, 68, '2020-11-20', '10:02:30', 1),
(389, 22, 12, 73, 1, 68, '2020-11-20', '10:02:40', 1),
(390, 22, 13, 72.75, 1, 68, '2020-11-20', '10:02:50', 1),
(391, 22, 13, 72.25, 1, 67, '2020-11-20', '10:03:00', 1),
(392, 22, 13, 72.51, 1, 67, '2020-11-20', '10:03:10', 1),
(393, 22, 13, 72, 1, 68, '2020-11-20', '10:03:20', 1),
(394, 22, 13, 72, 1, 67, '2020-11-20', '10:03:30', 1),
(395, 22, 13, 72, 1, 68, '2020-11-20', '10:03:40', 1),
(396, 22, 13, 72, 1, 67, '2020-11-20', '10:03:50', 1),
(397, 22, 13, 72, 1, 67, '2020-11-20', '10:04:00', 1),
(398, 22, 13, 72, 1, 67, '2020-11-20', '10:04:10', 1),
(399, 22, 14, 71.94, 1, 68, '2020-11-20', '10:05:37', 1),
(400, 22, 14, 72, 1, 67, '2020-11-20', '10:05:44', 1),
(401, 22, 13, 71.75, 1, 67, '2020-11-20', '10:05:55', 1),
(402, 22, 12, 72, 1, 67, '2020-11-20', '10:06:05', 1),
(403, 22, 13, 72, 1, 66, '2020-11-20', '10:06:15', 1),
(404, 22, 13, 72, 1, 66, '2020-11-20', '10:06:25', 1),
(405, 22, 12, 72, 1, 65, '2020-11-20', '10:06:35', 1),
(406, 22, 13, 72, 1, 65, '2020-11-20', '10:06:45', 1),
(407, 22, 13, 72, 1, 65, '2020-11-20', '10:06:55', 1),
(408, 22, 13, 72, 1, 65, '2020-11-20', '10:07:05', 1),
(409, 22, 13, 72.23, 1, 65, '2020-11-20', '10:07:15', 1),
(410, 22, 12, 72, 1, 64, '2020-11-20', '10:07:25', 1),
(411, 22, 13, 72, 1, 64, '2020-11-20', '10:07:35', 1),
(412, 22, 13, 72, 1, 65, '2020-11-20', '10:07:45', 1),
(413, 22, 12, 72, 1, 64, '2020-11-20', '10:07:55', 1),
(414, 22, 13, 72, 1, 65, '2020-11-20', '10:08:05', 1),
(415, 22, 13, 72, 1, 65, '2020-11-20', '10:08:15', 1),
(416, 22, 12, 72, 1, 65, '2020-11-20', '10:08:25', 1),
(417, 22, 13, 72, 1, 65, '2020-11-20', '10:08:35', 1),
(418, 22, 13, 72, 1, 65, '2020-11-20', '10:08:45', 1),
(419, 22, 12, 72, 1, 65, '2020-11-20', '10:08:55', 1),
(420, 22, 12, 72, 1, 64, '2020-11-20', '10:09:05', 1),
(421, 22, 12, 72, 1, 65, '2020-11-20', '10:09:15', 1),
(422, 22, 12, 72, 1, 64, '2020-11-20', '10:09:25', 1),
(423, 22, 12, 72, 1, 64, '2020-11-20', '10:09:35', 1),
(424, 22, 13, 72, 1, 64, '2020-11-20', '10:09:45', 1),
(425, 22, 13, 72, 1, 64, '2020-11-20', '10:09:55', 1),
(426, 22, 12, 72, 1, 64, '2020-11-20', '10:10:05', 1),
(427, 22, 12, 72, 1, 64, '2020-11-20', '10:10:15', 1),
(428, 22, 12, 72, 1, 64, '2020-11-20', '10:10:25', 1),
(429, 22, 12, 72, 1, 63, '2020-11-20', '10:10:36', 1),
(430, 22, 13, 71.5, 1, 63, '2020-11-20', '10:10:46', 1),
(431, 22, 23, 77, 1, 65, '2020-11-20', '10:15:31', 2),
(432, 22, 13, 73, 1, 64, '2020-11-20', '10:15:41', 2),
(433, 22, 13, 73, 1, 64, '2020-11-20', '10:15:51', 2),
(434, 22, 13, 73, 1, 63, '2020-11-20', '10:16:01', 2),
(435, 22, 13, 73, 1, 63, '2020-11-20', '10:16:11', 2),
(436, 22, 13, 73, 1, 63, '2020-11-20', '10:16:21', 2),
(437, 22, 13, 73, 1, 64, '2020-11-20', '10:16:32', 2),
(438, 22, 13, 73, 1, 64, '2020-11-20', '10:16:42', 2),
(439, 22, 13, 73, 1, 64, '2020-11-20', '10:16:52', 2),
(440, 22, 13, 73, 1, 64, '2020-11-20', '10:17:02', 2),
(441, 22, 13, 73, 1, 64, '2020-11-20', '10:17:12', 2),
(442, 22, 13, 73, 1, 65, '2020-11-20', '10:17:22', 2),
(443, 22, 13, 73, 1, 64, '2020-11-20', '10:17:32', 2),
(444, 22, 13, 73, 1, 64, '2020-11-20', '10:17:42', 2),
(445, 22, 13, 73, 1, 64, '2020-11-20', '10:17:52', 2),
(446, 22, 13, 73, 1, 64, '2020-11-20', '10:18:02', 2),
(447, 22, 13, 73, 1, 64, '2020-11-20', '10:18:12', 2),
(448, 22, 13, 73, 1, 64, '2020-11-20', '10:18:22', 2),
(449, 22, 13, 73, 1, 64, '2020-11-20', '10:18:32', 2),
(450, 22, 13, 73, 1, 63, '2020-11-20', '10:18:42', 2),
(451, 22, 13, 73, 1, 64, '2020-11-20', '10:18:52', 2),
(452, 22, 13, 73, 1, 64, '2020-11-20', '10:19:02', 2),
(453, 22, 12, 73, 1, 64, '2020-11-20', '10:19:12', 2),
(454, 22, 13, 73, 1, 64, '2020-11-20', '10:19:23', 2),
(455, 22, 13, 72.52, 1, 65, '2020-11-20', '10:19:33', 2),
(456, 22, 13, 72, 1, 64, '2020-11-20', '10:19:43', 2),
(457, 22, 12, 72.24, 1, 64, '2020-11-20', '10:19:53', 2),
(458, 22, 13, 72.25, 1, 64, '2020-11-20', '10:20:03', 2),
(459, 22, 12, 72, 1, 63, '2020-11-20', '10:20:13', 2),
(460, 22, 12, 72, 1, 63, '2020-11-20', '10:20:23', 2),
(461, 22, 13, 72, 1, 63, '2020-11-20', '10:20:33', 2),
(462, 22, 13, 72, 1, 62, '2020-11-20', '10:20:43', 2),
(463, 22, 12, 72, 1, 62, '2020-11-20', '10:20:53', 2),
(464, 22, 13, 72.26, 1, 61, '2020-11-20', '10:21:03', 2),
(465, 22, 13, 72, 1, 60, '2020-11-20', '10:21:13', 2),
(466, 22, 12, 72.24, 1, 59, '2020-11-20', '10:21:23', 2),
(467, 22, 13, 72, 1, 59, '2020-11-20', '10:21:33', 2),
(468, 22, 13, 72, 1, 59, '2020-11-20', '10:21:43', 2),
(469, 22, 13, 72, 1, 58, '2020-11-20', '10:21:53', 2),
(470, 22, 12, 72, 1, 58, '2020-11-20', '10:22:03', 2),
(471, 22, 13, 72, 1, 58, '2020-11-20', '10:22:13', 2),
(472, 22, 13, 72, 1, 58, '2020-11-20', '10:22:23', 2),
(473, 22, 13, 72, 1, 59, '2020-11-20', '10:22:33', 2),
(474, 22, 14, 72, 1, 59, '2020-11-20', '10:22:43', 2),
(475, 22, 13, 72, 1, 59, '2020-11-20', '10:22:53', 2),
(476, 22, 13, 72, 1, 59, '2020-11-20', '10:23:03', 2),
(477, 22, 13, 72, 1, 59, '2020-11-20', '10:23:13', 2),
(478, 22, 13, 72, 1, 59, '2020-11-20', '10:23:23', 2),
(479, 22, 13, 72, 1, 59, '2020-11-20', '10:23:33', 2),
(480, 22, 13, 72, 1, 59, '2020-11-20', '10:23:43', 2),
(481, 22, 13, 72, 1, 59, '2020-11-20', '10:23:53', 2),
(482, 22, 13, 72, 1, 59, '2020-11-20', '10:24:03', 2),
(483, 22, 13, 72, 1, 59, '2020-11-20', '10:24:13', 2),
(484, 22, 13, 72, 1, 60, '2020-11-20', '10:24:24', 2),
(485, 22, 13, 72, 1, 60, '2020-11-20', '10:24:34', 2),
(486, 22, 13, 72, 1, 61, '2020-11-20', '10:24:44', 2),
(487, 22, 13, 72, 1, 61, '2020-11-20', '10:24:54', 2),
(488, 22, 12, 72, 1, 62, '2020-11-20', '10:25:04', 2),
(489, 22, 13, 72, 1, 62, '2020-11-20', '10:25:14', 2),
(490, 22, 12, 72, 1, 63, '2020-11-20', '10:25:24', 2),
(491, 22, 13, 72, 1, 63, '2020-11-20', '10:25:34', 2),
(492, 22, 12, 72, 1, 63, '2020-11-20', '10:25:44', 2),
(493, 22, 12, 72, 1, 63, '2020-11-20', '10:25:54', 2),
(494, 22, 13, 72, 1, 63, '2020-11-20', '10:26:04', 2),
(495, 22, 12, 72, 1, 63, '2020-11-20', '10:26:14', 2),
(496, 22, 13, 72, 1, 63, '2020-11-20', '10:26:24', 2),
(497, 22, 13, 72, 1, 64, '2020-11-20', '10:26:34', 2),
(498, 22, 12, 72, 1, 63, '2020-11-20', '10:26:44', 2),
(499, 22, 12, 72, 1, 64, '2020-11-20', '10:26:54', 2),
(500, 22, 12, 72, 1, 64, '2020-11-20', '10:27:04', 2),
(501, 22, 12, 72, 1, 64, '2020-11-20', '10:27:14', 2),
(502, 22, 12, 72, 1, 64, '2020-11-20', '10:27:24', 2),
(503, 22, 12, 72, 1, 65, '2020-11-20', '10:27:34', 2),
(504, 22, 12, 72, 1, 65, '2020-11-20', '10:27:44', 2),
(505, 22, 12, 72, 1, 65, '2020-11-20', '10:27:54', 2),
(506, 22, 12, 72, 1, 66, '2020-11-20', '10:28:06', 2),
(507, 22, 13, 72, 1, 67, '2020-11-20', '10:28:14', 2),
(508, 22, 12, 72, 1, 66, '2020-11-20', '10:28:24', 2),
(509, 22, 12, 72, 1, 66, '2020-11-20', '10:28:34', 2),
(510, 22, 12, 72, 1, 66, '2020-11-20', '10:28:44', 2),
(511, 22, 12, 72, 1, 66, '2020-11-20', '10:28:54', 2),
(512, 22, 12, 72, 1, 66, '2020-11-20', '10:29:05', 2),
(513, 22, 12, 71.49, 1, 65, '2020-11-20', '10:29:15', 2),
(514, 22, 12, 71.51, 1, 65, '2020-11-20', '10:29:25', 2),
(515, 22, 12, 72, 1, 65, '2020-11-20', '10:29:35', 2),
(516, 22, 12, 71.79, 1, 65, '2020-11-20', '10:29:45', 2),
(517, 22, 12, 71.5, 1, 64, '2020-11-20', '10:29:55', 2),
(518, 22, 12, 71.49, 1, 64, '2020-11-20', '10:30:05', 2),
(519, 22, 12, 71.74, 1, 64, '2020-11-20', '10:30:15', 2),
(520, 22, 12, 71.25, 1, 64, '2020-11-20', '10:30:25', 2),
(521, 22, 12, 71.51, 1, 64, '2020-11-20', '10:30:35', 2),
(522, 22, 12, 71, 1, 64, '2020-11-20', '10:30:45', 2),
(523, 22, 12, 71, 1, 64, '2020-11-20', '10:30:55', 2),
(524, 22, 12, 71, 1, 64, '2020-11-20', '10:31:05', 2),
(525, 22, 12, 71.76, 1, 63, '2020-11-20', '10:31:15', 2),
(526, 22, 12, 71, 1, 63, '2020-11-20', '10:31:25', 2),
(527, 22, 12, 71, 1, 63, '2020-11-20', '10:31:35', 2),
(528, 22, 12, 71, 1, 63, '2020-11-20', '10:31:45', 2),
(529, 22, 12, 71, 1, 63, '2020-11-20', '10:31:55', 2),
(530, 22, 12, 71, 1, 63, '2020-11-20', '10:32:05', 2),
(531, 22, 11, 71, 1, 63, '2020-11-20', '10:32:15', 2),
(532, 22, 12, 71, 1, 64, '2020-11-20', '10:32:25', 2),
(533, 22, 12, 71, 1, 63, '2020-11-20', '10:32:35', 2),
(534, 22, 12, 71, 1, 63, '2020-11-20', '10:32:45', 2),
(535, 22, 12, 71, 1, 63, '2020-11-20', '10:32:55', 2),
(536, 22, 12, 71, 1, 63, '2020-11-20', '10:33:05', 2),
(537, 22, 12, 71, 1, 63, '2020-11-20', '10:33:15', 2),
(538, 22, 12, 71, 1, 63, '2020-11-20', '10:33:25', 2),
(539, 22, 12, 71, 1, 63, '2020-11-20', '10:33:35', 2),
(540, 22, 12, 71, 1, 63, '2020-11-20', '10:33:46', 2),
(541, 22, 12, 71, 1, 63, '2020-11-20', '10:33:56', 2),
(542, 22, 12, 71, 1, 63, '2020-11-20', '10:34:06', 2),
(543, 22, 12, 71, 1, 63, '2020-11-20', '10:34:16', 2),
(544, 22, 12, 71, 1, 64, '2020-11-20', '10:34:26', 2),
(545, 22, 12, 71, 1, 64, '2020-11-20', '10:34:36', 2),
(546, 22, 12, 71, 1, 64, '2020-11-20', '10:34:46', 2),
(547, 22, 12, 71, 1, 64, '2020-11-20', '10:34:56', 2),
(548, 22, 12, 71, 1, 64, '2020-11-20', '10:35:06', 2),
(549, 22, 12, 71, 1, 64, '2020-11-20', '10:35:16', 2),
(550, 22, 12, 70.75, 1, 64, '2020-11-20', '10:35:26', 2),
(551, 22, 12, 70.49, 1, 64, '2020-11-20', '10:35:36', 2),
(552, 22, 12, 71, 1, 64, '2020-11-20', '10:35:46', 2),
(553, 22, 12, 71, 1, 64, '2020-11-20', '10:35:56', 2),
(554, 22, 12, 71, 1, 64, '2020-11-20', '10:36:06', 2),
(555, 22, 12, 71, 1, 64, '2020-11-20', '10:36:16', 2),
(556, 22, 12, 71, 1, 64, '2020-11-20', '10:36:26', 2),
(557, 22, 12, 71, 1, 64, '2020-11-20', '10:36:36', 2),
(558, 22, 13, 71, 1, 65, '2020-11-20', '10:36:46', 2),
(559, 22, 12, 71, 1, 63, '2020-11-20', '10:36:56', 2),
(560, 22, 12, 71, 1, 63, '2020-11-20', '10:37:07', 2),
(561, 22, 12, 71, 1, 63, '2020-11-20', '10:37:17', 2),
(562, 22, 12, 71, 1, 62, '2020-11-20', '10:37:27', 2),
(563, 22, 12, 71, 1, 62, '2020-11-20', '10:37:37', 2),
(564, 22, 12, 71, 1, 62, '2020-11-20', '10:37:47', 2),
(565, 22, 12, 71, 1, 62, '2020-11-20', '10:37:57', 2),
(566, 22, 12, 71, 1, 62, '2020-11-20', '10:38:07', 2),
(567, 22, 12, 71, 1, 62, '2020-11-20', '10:38:17', 2),
(568, 22, 12, 71, 1, 62, '2020-11-20', '10:38:27', 2),
(569, 22, 12, 71, 1, 62, '2020-11-20', '10:38:37', 2),
(570, 22, 12, 71, 1, 62, '2020-11-20', '10:38:47', 2),
(571, 22, 12, 71, 1, 63, '2020-11-20', '10:38:58', 2),
(572, 22, 12, 71, 1, 62, '2020-11-20', '10:39:08', 2),
(573, 22, 12, 71, 1, 62, '2020-11-20', '10:39:18', 2),
(574, 22, 12, 71, 1, 62, '2020-11-20', '10:39:28', 2),
(575, 22, 12, 71, 1, 62, '2020-11-20', '10:39:38', 2),
(576, 22, 13, 71, 1, 63, '2020-11-20', '10:39:48', 2),
(577, 22, 12, 71, 1, 62, '2020-11-20', '10:39:58', 2),
(578, 22, 12, 71, 1, 62, '2020-11-20', '10:40:08', 2),
(579, 22, 12, 71, 1, 62, '2020-11-20', '10:40:18', 2),
(580, 23.26, 16, 68.5, 0, 82, '2020-11-20', '11:46:19', 2),
(581, 23.73, 21, 68, 0, 87, '2020-11-20', '11:46:29', 2),
(582, 23.76, 3, 68.51, 0, 71, '2020-11-20', '11:46:39', 2),
(583, 24, 9, 68.49, 0, 76, '2020-11-20', '11:46:49', 2),
(584, 24, 14, 68.25, 0, 80, '2020-11-20', '11:46:59', 2),
(585, 24, 13, 68.25, 0, 79, '2020-11-20', '11:47:09', 2),
(586, 24, 16, 68.21, 0, 82, '2020-11-20', '11:47:30', 2),
(587, 24, 20, 68.74, 0, 85, '2020-11-20', '11:47:40', 2),
(588, 24, 10, 68, 0, 77, '2020-11-20', '11:47:50', 2),
(589, 24, 7, 68.25, 0, 74, '2020-11-20', '11:48:00', 2),
(590, 24, 10, 68.49, 0, 76, '2020-11-20', '11:48:10', 2),
(591, 24, 3, 68.5, 0, 71, '2020-11-20', '11:48:20', 2),
(592, 24, 4, 68, 0, 72, '2020-11-20', '11:48:31', 2),
(593, 24, 4, 68, 0, 71, '2020-11-20', '11:48:51', 2),
(594, 24, 4, 68, 0, 71, '2020-11-20', '11:49:01', 2),
(595, 24, 4, 68, 0, 71, '2020-11-20', '11:49:11', 2),
(596, 24, 4, 68, 0, 71, '2020-11-20', '11:49:21', 2),
(597, 24, 4, 68, 0, 71, '2020-11-20', '11:49:32', 2),
(598, 24, 4, 68, 0, 71, '2020-11-20', '11:49:41', 2),
(599, 24, 4, 67.63, 0, 71, '2020-11-20', '11:49:51', 2),
(600, 24, 15, 72, 0, 71, '2020-11-20', '11:52:20', 1),
(601, 24, 4, 67.91, 0, 70, '2020-11-20', '11:52:30', 1),
(602, 24, 4, 67.26, 0, 71, '2020-11-20', '11:52:40', 1),
(603, 24, 4, 68, 0, 71, '2020-11-20', '11:52:51', 1),
(604, 24, 4, 68, 0, 70, '2020-11-20', '11:53:00', 1),
(605, 24, 4, 68, 0, 71, '2020-11-20', '11:53:10', 1),
(606, 24, 5, 68, 0, 71, '2020-11-20', '11:53:21', 1),
(607, 24, 4, 68, 0, 70, '2020-11-20', '11:53:31', 1),
(608, 24, 4, 68, 0, 70, '2020-11-20', '11:53:41', 1),
(609, 24, 4, 68, 0, 70, '2020-11-20', '11:53:51', 1),
(610, 23, 5, 74, 0, 67, '2020-11-20', '12:01:58', 1),
(611, 23, 1, 69.48, 0, 68, '2020-11-20', '12:02:13', 1),
(612, 23, 1, 69.39, 0, 66, '2020-11-20', '12:02:19', 1),
(613, 23, 4, 69.26, 0, 73, '2020-11-20', '12:02:29', 1),
(614, 23, 4, 70, 0, 74, '2020-11-20', '12:02:39', 1),
(615, 23, 1, 69, 0, 66, '2020-11-20', '12:02:49', 1),
(616, 23, 1, 69, 0, 65, '2020-11-20', '12:03:40', 1),
(617, 23.75, 1, 69, 0, 66, '2020-11-20', '12:03:50', 1),
(618, 24, 1, 69, 0, 66, '2020-11-20', '12:04:01', 1),
(619, 24, 1, 69, 0, 66, '2020-11-20', '12:04:11', 1),
(620, 24, 0, 69, 0, 64, '2020-11-20', '12:04:21', 1),
(621, 24, 1, 69, 0, 63, '2020-11-20', '12:04:31', 1),
(622, 24, 16, 69, 0, 65, '2020-11-20', '12:04:41', 1),
(623, 24, 12, 68.75, 0, 65, '2020-11-20', '12:04:51', 1),
(624, 24, 11, 68, 0, 66, '2020-11-20', '12:05:01', 1),
(625, 24, 11, 68, 0, 67, '2020-11-20', '12:05:11', 1),
(626, 24, 11, 68, 0, 67, '2020-11-20', '12:05:21', 1),
(627, 24, 0, 68, 0, 3, '2020-11-26', '11:23:36', 1),
(628, 24, 0, 68, 0, 3, '2020-11-26', '11:23:46', 1),
(629, 24, 0, 68, 0, 2, '2020-11-26', '11:23:56', 1),
(630, 24, 0, 67.73, 0, 3, '2020-11-26', '11:24:07', 1),
(631, 24, 0, 67.22, 0, 3, '2020-11-26', '11:24:17', 1),
(632, 24, 0, 67, 0, 3, '2020-11-26', '11:24:28', 1),
(633, 24, 0, 67, 0, 3, '2020-11-26', '11:24:39', 1),
(634, 24, 0, 67, 0, 4, '2020-11-26', '11:24:48', 1),
(635, 24, 0, 67, 0, 2, '2020-11-26', '11:24:59', 1),
(636, 24, 0, 67, 0, 2, '2020-11-26', '11:25:09', 1),
(637, 24, 0, 67, 0, 3, '2020-11-26', '11:25:20', 1),
(638, 24, 0, 67, 0, 2, '2020-11-26', '11:25:30', 1),
(639, 24, 0, 66, 0, 34, '2020-11-26', '11:25:40', 1),
(640, 24, 0, 66, 0, 38, '2020-11-26', '11:25:50', 1),
(641, 24, 0, 66, 0, 37, '2020-11-26', '11:26:00', 1),
(642, 24, 0, 66, 0, 30, '2020-11-26', '11:26:11', 1),
(643, 24, 0, 66.25, 0, 28, '2020-11-26', '11:26:21', 1),
(644, 24, 0, 66, 0, 16, '2020-11-26', '11:26:31', 1),
(645, 24, 0, 66, 0, 15, '2020-11-26', '11:26:41', 1),
(646, 24, 0, 66, 0, 13, '2020-11-26', '11:26:51', 1),
(647, 24, 0, 66, 0, 14, '2020-11-26', '11:27:02', 1),
(648, 24, 0, 66.23, 0, 13, '2020-11-26', '11:27:11', 1),
(649, 24, 0, 66, 0, 15, '2020-11-26', '11:27:22', 1),
(650, 24, 0, 66, 0, 13, '2020-11-26', '11:27:32', 1),
(651, 24, 0, 66, 0, 13, '2020-11-26', '11:27:42', 1),
(652, 24, 0, 67, 0, 45, '2020-11-26', '11:30:49', 1),
(653, 24, 0, 67, 0, 46, '2020-11-26', '11:30:59', 1),
(654, 24, 0, 66.27, 0, 54, '2020-11-26', '11:31:10', 1),
(655, 24, 0, 66, 0, 49, '2020-11-26', '11:31:20', 1),
(656, 24, 0, 66, 0, 36, '2020-11-26', '11:31:30', 1),
(657, 24, 0, 66.75, 0, 47, '2020-11-26', '11:31:40', 1),
(658, 24, 0, 67, 0, 45, '2020-11-26', '11:31:50', 1),
(659, 24, 0, 67, 0, 46, '2020-11-26', '11:32:00', 1),
(660, 24, 0, 67, 0, 46, '2020-11-26', '11:32:11', 1),
(661, 24, 0, 67, 0, 45, '2020-11-26', '11:32:21', 1),
(662, 24, 0, 67, 0, 46, '2020-11-26', '11:32:31', 1),
(663, 24, 0, 67, 0, 45, '2020-11-26', '11:32:41', 1),
(664, 24, 0, 67, 0, 45, '2020-11-26', '11:32:51', 1),
(665, 24, 0, 67, 0, 46, '2020-11-26', '11:33:01', 1),
(666, 24, 0, 67, 0, 46, '2020-11-26', '11:33:12', 1),
(667, 24, 0, 67, 0, 45, '2020-11-26', '11:33:22', 1),
(668, 24, 0, 66.5, 0, 45, '2020-11-26', '11:33:32', 1),
(669, 24, 0, 66, 0, 46, '2020-11-26', '11:33:42', 1),
(670, 24, 0, 66, 0, 46, '2020-11-26', '11:33:52', 1),
(671, 24, 0, 66, 0, 46, '2020-11-26', '11:34:02', 1),
(672, 24, 0, 66.76, 0, 47, '2020-11-26', '11:34:12', 1),
(673, 24, 0, 67, 0, 46, '2020-11-26', '11:34:22', 1),
(674, 24, 0, 67, 0, 46, '2020-11-26', '11:34:32', 1),
(675, 24, 0, 67, 0, 65, '2020-11-26', '11:34:43', 1),
(676, 24, 0, 67, 0, 68, '2020-11-26', '11:34:53', 1),
(677, 24, 0, 67, 0, 65, '2020-11-26', '11:35:02', 1),
(678, 24, 0, 67, 0, 60, '2020-11-26', '11:35:13', 1),
(679, 24, 0, 67, 0, 66, '2020-11-26', '11:35:24', 1),
(680, 24, 0, 67, 0, 68, '2020-11-26', '11:35:33', 1),
(681, 24, 0, 67, 0, 69, '2020-11-26', '11:35:44', 1),
(682, 24, 0, 67, 0, 68, '2020-11-26', '11:35:54', 1),
(683, 24, 0, 67, 0, 68, '2020-11-26', '11:36:04', 1),
(684, 24, 0, 67, 0, 69, '2020-11-26', '11:36:15', 1),
(685, 24, 0, 67, 0, 69, '2020-11-26', '11:36:25', 1),
(686, 24, 0, 67, 0, 68, '2020-11-26', '11:36:35', 1),
(687, 24, 0, 67, 0, 68, '2020-11-26', '11:36:45', 1),
(688, 24, 0, 66.74, 0, 68, '2020-11-26', '11:36:55', 1),
(689, 24, 0, 67, 0, 68, '2020-11-26', '11:37:05', 1),
(690, 24, 0, 67, 0, 69, '2020-11-26', '11:37:16', 1),
(691, 24, 0, 67, 0, 69, '2020-11-26', '11:37:26', 1),
(692, 24, 0, 66.75, 0, 68, '2020-11-26', '11:37:36', 1),
(693, 24, 0, 67, 0, 69, '2020-11-26', '11:37:47', 1),
(694, 24.24, 0, 66.76, 0, 69, '2020-11-26', '11:37:57', 1),
(695, 24, 0, 66, 0, 69, '2020-11-26', '11:38:07', 1),
(696, 24, 0, 66, 0, 70, '2020-11-26', '11:38:17', 1),
(697, 24.23, 0, 66, 0, 69, '2020-11-26', '11:38:27', 1),
(698, 24, 0, 66, 0, 71, '2020-11-26', '11:38:38', 1),
(699, 24.25, 0, 66, 0, 73, '2020-11-26', '11:38:48', 1),
(700, 24.73, 0, 66, 0, 74, '2020-11-26', '11:38:58', 1),
(701, 24.74, 0, 66, 0, 73, '2020-11-26', '11:39:08', 1),
(702, 24.5, 0, 66, 0, 73, '2020-11-26', '11:39:19', 1),
(703, 25, 0, 66, 0, 73, '2020-11-26', '11:39:29', 1),
(704, 25, 0, 66, 0, 73, '2020-11-26', '11:39:39', 1),
(705, 25, 0, 66, 0, 73, '2020-11-26', '11:39:49', 1),
(706, 25, 0, 66, 0, 73, '2020-11-26', '11:40:00', 1),
(707, 25, 0, 66, 0, 73, '2020-11-26', '11:40:10', 1),
(708, 25, 0, 66, 0, 73, '2020-11-26', '11:40:20', 1),
(709, 25, 0, 66, 0, 73, '2020-11-26', '11:40:31', 1),
(710, 25, 0, 66, 0, 73, '2020-11-26', '11:40:41', 1),
(711, 25, 0, 66, 0, 73, '2020-11-26', '11:40:51', 1),
(712, 25, 0, 66, 0, 73, '2020-11-26', '11:41:00', 1),
(713, 25, 0, 65.74, 0, 73, '2020-11-26', '11:41:11', 1),
(714, 25, 0, 65, 0, 73, '2020-11-26', '11:41:21', 1),
(715, 25, 0, 65, 0, 73, '2020-11-26', '11:41:31', 1),
(716, 25, 0, 65, 0, 73, '2020-11-26', '11:41:42', 1),
(717, 25, 0, 65, 0, 73, '2020-11-26', '11:41:52', 1),
(718, 26, 0, 68, 0, 65, '2020-11-26', '12:39:33', 1),
(719, 26, 0, 64, 0, 61, '2020-11-26', '12:39:43', 1),
(720, 26, 0, 63, 0, 60, '2020-11-26', '12:39:53', 1),
(721, 26, 0, 63.27, 0, 64, '2020-11-26', '12:40:03', 1),
(722, 26, 0, 63.48, 0, 65, '2020-11-26', '12:40:13', 1),
(723, 26.75, 0, 63, 0, 70, '2020-11-26', '12:40:23', 1),
(724, 27, 0, 63, 0, 75, '2020-11-26', '12:40:34', 1),
(725, 27, 0, 63, 0, 77, '2020-11-26', '12:40:43', 1),
(726, 27, 0, 63, 0, 81, '2020-11-26', '12:40:53', 1),
(727, 27, 0, 64.24, 0, 79, '2020-11-26', '12:41:04', 1),
(728, 27, 0, 64, 0, 83, '2020-11-26', '12:41:13', 1),
(729, 27, 0, 64, 0, 79, '2020-11-26', '12:41:24', 1),
(730, 27, 0, 64, 0, 77, '2020-11-26', '12:41:34', 1),
(731, 27, 0, 64, 0, 67, '2020-11-26', '12:41:44', 1),
(732, 27, 0, 63, 0, 71, '2020-11-26', '12:41:54', 1),
(733, 25, 0, 68, 0, 72, '2020-11-26', '13:41:07', 1),
(734, 25, 0, 63, 0, 73, '2020-11-26', '13:41:17', 1),
(735, 25, 0, 63, 0, 74, '2020-11-26', '13:41:27', 1),
(736, 25.26, 0, 63, 0, 74, '2020-11-26', '13:41:38', 1),
(737, 26, 0, 63, 0, 77, '2020-11-26', '13:41:48', 1),
(738, 26, 0, 63, 0, 78, '2020-11-26', '13:41:58', 1),
(739, 26, 0, 63, 0, 76, '2020-11-26', '13:42:08', 1),
(740, 26, 0, 63.28, 0, 76, '2020-11-26', '13:42:20', 1),
(741, 26, 0, 64, 0, 76, '2020-11-26', '13:42:30', 1),
(742, 26, 0, 63.73, 0, 76, '2020-11-26', '13:42:40', 1),
(743, 26, 0, 64, 0, 78, '2020-11-26', '13:42:50', 1),
(744, 26, 0, 64, 0, 78, '2020-11-26', '13:43:01', 1),
(745, 26, 0, 64, 0, 76, '2020-11-26', '13:43:11', 1),
(746, 26, 0, 64, 0, 75, '2020-11-26', '13:43:21', 1),
(747, 26, 0, 64, 0, 69, '2020-11-26', '13:43:31', 1),
(748, 26, 0, 64, 0, 68, '2020-11-26', '13:43:41', 1),
(749, 26, 0, 64, 0, 72, '2020-11-26', '13:45:03', 1),
(750, 26, 0, 64, 0, 71, '2020-11-26', '13:45:13', 1),
(751, 26, 0, 64, 0, 72, '2020-11-26', '13:45:23', 1),
(752, 26.74, 0, 64, 0, 71, '2020-11-26', '13:45:33', 1),
(753, 20, 0, 78, 0, 36, '2020-11-26', '18:39:13', 1),
(754, 20, 0, 73, 0, 28, '2020-11-26', '18:39:23', 1),
(755, 20, 0, 73, 0, 30, '2020-11-26', '18:39:33', 1),
(756, 20, 0, 73, 0, 28, '2020-11-26', '18:39:43', 1),
(757, 20, 0, 73, 0, 30, '2020-11-26', '18:39:53', 1),
(758, 20, 0, 73, 0, 35, '2020-11-26', '18:40:03', 1),
(759, 20, 0, 73, 0, 23, '2020-11-26', '18:40:13', 1),
(760, 20, 0, 73, 0, 22, '2020-11-26', '18:40:23', 1),
(761, 20, 0, 73, 0, 23, '2020-11-26', '18:40:33', 1),
(762, 20, 0, 73, 0, 22, '2020-11-26', '18:40:43', 1),
(763, 20, 0, 73, 0, 21, '2020-11-26', '18:40:53', 1),
(764, 20, 0, 73, 0, 22, '2020-11-26', '18:41:03', 1),
(765, 20, 0, 73, 0, 22, '2020-11-26', '18:41:13', 1),
(766, 20, 0, 73, 0, 23, '2020-11-26', '18:41:24', 1),
(767, 20, 0, 73, 0, 22, '2020-11-26', '18:41:34', 1),
(768, 20, 0, 73, 0, 23, '2020-11-26', '18:41:44', 1),
(769, 20, 0, 73, 0, 22, '2020-11-26', '18:41:54', 1),
(770, 20, 0, 73, 0, 23, '2020-11-26', '18:42:04', 1),
(771, 20, 0, 73, 0, 24, '2020-11-26', '18:42:14', 1),
(772, 20, 0, 73, 0, 24, '2020-11-26', '18:42:24', 1),
(773, 20, 0, 73, 0, 25, '2020-11-26', '18:42:34', 1),
(774, 20, 0, 73, 0, 28, '2020-11-26', '18:42:45', 1),
(775, 20, 0, 73, 0, 30, '2020-11-26', '18:42:55', 1),
(776, 20, 0, 73, 0, 30, '2020-11-26', '18:43:05', 1),
(777, 20, 0, 73, 0, 29, '2020-11-26', '18:43:15', 1),
(778, 20, 0, 73, 0, 30, '2020-11-26', '18:43:25', 1),
(779, 20, 0, 73, 0, 29, '2020-11-26', '18:43:35', 1),
(780, 20, 0, 73, 0, 30, '2020-11-26', '18:43:45', 1),
(781, 20, 0, 73, 0, 29, '2020-11-26', '18:43:55', 1),
(782, 20, 0, 73, 0, 30, '2020-11-26', '18:44:05', 1),
(783, 20, 0, 73, 0, 30, '2020-11-26', '18:44:16', 1),
(784, 20, 0, 73, 0, 28, '2020-11-26', '18:44:26', 1),
(785, 20, 0, 73, 0, 28, '2020-11-26', '18:44:36', 1),
(786, 20, 0, 73, 0, 29, '2020-11-26', '18:44:46', 1),
(787, 20, 0, 73, 0, 28, '2020-11-26', '18:44:56', 1),
(788, 18, 0, 85, 0, 31, '2020-11-26', '20:12:26', 1),
(789, 18.5, 4, 81, 1, 29, '2020-11-26', '20:12:36', 1),
(790, 19, 3, 81, 0, 26, '2020-11-26', '20:12:46', 1),
(791, 19, 5, 81, 0, 25, '2020-11-26', '20:12:56', 1),
(792, 19, 4, 81, 0, 22, '2020-11-26', '20:13:07', 1),
(793, 19, 4, 81, 0, 26, '2020-11-26', '20:13:17', 1),
(794, 19, 5, 81.5, 0, 27, '2020-11-26', '20:13:27', 1),
(795, 19, 4, 81, 0, 24, '2020-11-26', '20:13:38', 1),
(796, 19, 4, 82, 0, 26, '2020-11-26', '20:13:48', 1),
(797, 19, 4, 81.5, 1, 25, '2020-11-26', '20:13:58', 1),
(798, 19, 4, 81.5, 1, 24, '2020-11-26', '20:14:09', 1),
(799, 19, 4, 82, 0, 25, '2020-11-26', '20:14:19', 1),
(800, 19, 4, 81, 0, 26, '2020-11-26', '20:14:30', 1),
(801, 19, 4, 81, 0, 27, '2020-11-26', '20:14:40', 1),
(802, 19, 5, 81, 1, 23, '2020-11-26', '20:14:50', 1),
(803, 19, 3, 81, 0, 35, '2020-11-26', '20:15:02', 1),
(804, 19, 4, 81, 0, 23, '2020-11-26', '20:15:12', 1),
(805, 19, 4, 81, 1, 24, '2020-11-26', '20:15:23', 1),
(806, 19, 4, 81, 1, 23, '2020-11-26', '20:15:33', 1),
(807, 19, 4, 81, 0, 23, '2020-11-26', '20:15:43', 1),
(812, 40, 100, 100, 100, 100, '2020-11-27', '01:38:29', 9),
(813, 40, 100, 100, 100, 100, '2020-11-27', '02:37:53', 19),
(816, 17, 0, 91, 0, 64, '2020-11-27', '07:38:46', 1),
(817, 18, 2, 84, 0, 61, '2020-11-27', '07:38:57', 1),
(818, 18, 1, 84, 0, 61, '2020-11-27', '07:39:08', 1),
(821, 20.93, 0, 83.31, 0, 98, '2020-11-27', '07:55:18', 19),
(822, 18, 8, 85, 0, 53, '2020-11-27', '07:55:21', 1),
(823, 18, 2, 81.06, 0, 55, '2020-11-27', '07:55:31', 1),
(824, 18.35, 2, 81, 0, 55, '2020-11-27', '07:55:41', 1),
(825, 18.37, 2, 81.31, 0, 55, '2020-11-27', '07:55:51', 1),
(826, 19, 2, 81, 0, 55, '2020-11-27', '07:56:01', 1),
(827, 19, 2, 81, 0, 53, '2020-11-27', '07:56:11', 1),
(828, 19, 2, 81, 0, 55, '2020-11-27', '07:56:21', 1),
(829, 19, 2, 79, 0, 56, '2020-11-27', '08:00:17', 1),
(830, 19, 2, 79, 0, 57, '2020-11-27', '08:00:27', 1),
(831, 19, 2, 79, 0, 57, '2020-11-27', '08:00:37', 1),
(832, 19, 2, 79, 0, 56, '2020-11-27', '08:00:47', 1),
(833, 19, 2, 79, 0, 56, '2020-11-27', '08:00:57', 1),
(834, 19, 2, 78.62, 0, 56, '2020-11-27', '08:01:07', 1),
(835, 19, 2, 78, 0, 57, '2020-11-27', '08:01:17', 1),
(836, 19, 2, 78, 0, 57, '2020-11-27', '08:01:27', 1),
(837, 19, 2, 78, 0, 54, '2020-11-27', '08:01:37', 1),
(838, 19, 2, 78, 0, 57, '2020-11-27', '08:01:47', 1),
(840, 19, 2, 78, 0, 57, '2020-11-27', '08:01:57', 1),
(841, 19, 2, 78, 0, 57, '2020-11-27', '08:02:07', 1),
(842, 19, 2, 78, 0, 57, '2020-11-27', '08:02:17', 1),
(843, 19, 2, 78, 0, 58, '2020-11-27', '08:02:27', 1),
(844, 19, 2, 78, 0, 58, '2020-11-27', '08:02:37', 1),
(845, 19, 2, 77.65, 0, 58, '2020-11-27', '08:02:47', 1),
(846, 19, 2, 77, 0, 57, '2020-11-27', '08:02:57', 1),
(847, 19, 2, 77.37, 0, 58, '2020-11-27', '08:03:07', 1),
(848, 19, 2, 77.63, 0, 58, '2020-11-27', '08:03:17', 1),
(849, 19, 2, 77, 0, 58, '2020-11-27', '08:03:28', 1),
(850, 19, 2, 77, 0, 58, '2020-11-27', '08:03:38', 1),
(851, 19, 2, 77, 0, 58, '2020-11-27', '08:03:48', 1),
(852, 19, 2, 77, 0, 58, '2020-11-27', '08:03:58', 1),
(853, 19, 2, 77, 0, 58, '2020-11-27', '08:04:08', 1),
(854, 19, 2, 77, 0, 58, '2020-11-27', '08:04:18', 1),
(855, 19, 2, 77, 0, 58, '2020-11-27', '08:04:28', 1),
(856, 19, 2, 77, 0, 58, '2020-11-27', '08:04:38', 1),
(857, 19, 2, 77, 0, 57, '2020-11-27', '08:04:48', 1),
(858, 19, 2, 77, 0, 58, '2020-11-27', '08:04:58', 1),
(861, 19, 11, 81, 0, 73, '2020-11-27', '08:28:45', 1),
(862, 19, 9, 81, 0, 67, '2020-11-27', '08:28:56', 1),
(863, 19, 9, 81, 0, 70, '2020-11-27', '08:29:06', 1),
(864, 19, 7, 81, 0, 63, '2020-11-27', '08:29:26', 1),
(865, 19, 6, 81, 0, 62, '2020-11-27', '08:29:36', 1),
(866, 19, 7, 81, 0, 66, '2020-11-27', '08:29:46', 1),
(867, 19, 7, 81, 0, 60, '2020-11-27', '08:29:56', 1),
(868, 19, 7, 81, 0, 53, '2020-11-27', '08:30:06', 1),
(869, 19, 7, 80.3, 0, 59, '2020-11-27', '08:30:16', 1),
(870, 19, 7, 80, 0, 58, '2020-11-27', '08:30:26', 1),
(871, 19, 6, 80, 0, 58, '2020-11-27', '08:30:36', 1),
(872, 19, 7, 80, 0, 56, '2020-11-27', '08:30:46', 1),
(873, 19, 8, 80, 0, 57, '2020-11-27', '08:30:56', 1),
(874, 19, 6, 80, 0, 56, '2020-11-27', '08:31:06', 1),
(875, 19, 11, 86, 1, 83, '2020-11-27', '08:49:46', 1),
(876, 19, 3, 81, 0, 72, '2020-11-27', '08:49:56', 1),
(877, 19, 3, 81, 0, 72, '2020-11-27', '08:50:06', 1),
(878, 20, 1, 81, 0, 63, '2020-11-27', '08:51:48', 1),
(879, 20, 1, 81, 0, 63, '2020-11-27', '08:51:58', 1),
(880, 20, 1, 81, 0, 59, '2020-11-27', '08:52:08', 1),
(881, 20, 1, 81, 0, 62, '2020-11-27', '08:52:18', 1),
(882, 20, 1, 81, 0, 63, '2020-11-27', '08:52:29', 1),
(883, 20, 1, 81, 0, 61, '2020-11-27', '08:52:38', 1),
(884, 20, 1, 81, 0, 55, '2020-11-27', '08:52:49', 1),
(885, 20, 1, 80.67, 0, 62, '2020-11-27', '08:52:58', 1),
(886, 20, 1, 80.38, 0, 59, '2020-11-27', '08:53:11', 1),
(887, 20, 1, 80, 0, 62, '2020-11-27', '08:53:19', 1),
(888, 20, 1, 80, 0, 60, '2020-11-27', '08:53:29', 1),
(889, 20, 1, 80, 0, 64, '2020-11-27', '08:53:39', 1),
(890, 20, 1, 79.25, 0, 62, '2020-11-27', '08:54:19', 1),
(891, 20, 1, 79, 0, 63, '2020-11-27', '08:54:29', 1),
(892, 20, 1, 79, 0, 60, '2020-11-27', '08:54:39', 1),
(893, 20, 1, 79, 0, 61, '2020-11-27', '08:54:49', 1),
(894, 22, 0, 81.05, 0, 93, '2020-11-27', '08:56:40', 19),
(895, 21.09, 0, 82.07, 0, 93, '2020-11-27', '09:01:08', 19),
(896, 21, 0, 83.1, 0, 93, '2020-11-27', '09:02:08', 19),
(897, 21, 0, 81.99, 0, 93, '2020-11-27', '09:09:53', 19),
(898, 21.04, 0, 81.74, 0, 93, '2020-11-27', '09:10:54', 19),
(899, 21.04, 0, 82.17, 0, 93, '2020-11-27', '09:14:37', 19),
(900, 21, 0, 81.79, 0, 93, '2020-11-27', '09:15:37', 19),
(901, 21.04, 0, 81.51, 0, 92, '2020-11-27', '09:16:38', 19),
(902, 21, 0, 81.56, 0, 92, '2020-11-27', '09:23:37', 19),
(903, 21.07, 0, 81.34, 0, 92, '2020-11-27', '09:24:37', 19),
(904, 21.07, 0, 81.6, 0, 92, '2020-11-27', '09:25:37', 19),
(905, 21.07, 0, 81.65, 0, 91, '2020-11-27', '09:26:37', 19),
(906, 21.01, 0, 81.87, 0, 91, '2020-11-27', '09:27:37', 19),
(907, 20.96, 0, 81.41, 0, 93, '2020-11-27', '09:49:18', 19),
(908, 21.26, 0, 82.26, 0, 92, '2020-11-27', '09:50:18', 19),
(909, 21.95, 0, 81.97, 0, 92, '2020-11-27', '09:51:18', 19),
(910, 21.96, 0, 82.75, 0, 92, '2020-11-27', '09:52:19', 19),
(911, 21.96, 0, 82.11, 0, 93, '2020-11-27', '09:53:18', 19),
(912, 22, 37, 77, 1, 100, '2020-11-27', '10:30:29', 1),
(913, 22, 17, 72, 0, 67, '2020-11-27', '10:30:39', 1),
(914, 22, 12, 72, 0, 64, '2020-11-27', '10:30:49', 1),
(915, 22, 13, 72, 0, 65, '2020-11-27', '10:30:59', 1),
(916, 22, 11, 72, 0, 62, '2020-11-27', '10:31:09', 1),
(917, 22.31, 11, 72.69, 0, 62, '2020-11-27', '10:31:20', 1),
(918, 22, 10, 73, 0, 61, '2020-11-27', '10:31:29', 1),
(919, 22.38, 11, 73, 0, 62, '2020-11-27', '10:31:39', 1),
(920, 23, 11, 73, 0, 62, '2020-11-27', '10:31:49', 1),
(921, 22.94, 11, 72.62, 0, 63, '2020-11-27', '10:31:59', 1),
(922, 23, 11, 72, 0, 63, '2020-11-27', '10:32:09', 1),
(923, 23, 9, 71.65, 0, 59, '2020-11-27', '10:32:19', 1),
(924, 22.6, 7, 71, 0, 57, '2020-11-27', '10:32:30', 1),
(925, 22.06, 10, 70.94, 0, 61, '2020-11-27', '10:32:40', 1),
(926, 22.69, 7, 71, 0, 56, '2020-11-27', '10:32:50', 1),
(927, 23, 10, 70.63, 0, 61, '2020-11-27', '10:33:00', 1),
(928, 23, 9, 70, 0, 60, '2020-11-27', '10:33:10', 1),
(929, 23, 8, 70, 0, 58, '2020-11-27', '10:33:20', 1),
(930, 23, 8, 70, 0, 59, '2020-11-27', '10:33:30', 1),
(931, 23, 8, 70, 0, 58, '2020-11-27', '10:33:40', 1),
(932, 23, 9, 70, 0, 60, '2020-11-27', '10:33:50', 1),
(933, 23, 7, 70, 0, 57, '2020-11-27', '10:34:00', 1),
(934, 20, 10, 79, 0, 24, '2020-11-27', '17:52:08', 1),
(935, 20, 33, 75, 0, 23, '2020-11-27', '17:52:30', 1),
(936, 20, 2, 75, 0, 27, '2020-11-27', '17:52:40', 1),
(937, 20.31, 2, 74.69, 0, 27, '2020-11-27', '17:52:50', 1),
(938, 20.67, 2, 74.65, 0, 27, '2020-11-27', '17:53:00', 1),
(939, 21, 2, 74, 0, 28, '2020-11-27', '17:53:10', 1),
(940, 21, 2, 74, 0, 27, '2020-11-27', '17:53:20', 1),
(941, 21, 2, 74, 0, 27, '2020-11-27', '17:53:30', 1),
(942, 21, 2, 73, 0, 27, '2020-11-27', '17:53:40', 1),
(943, 21, 2, 73, 0, 27, '2020-11-27', '17:53:50', 1),
(944, 21, 2, 73, 0, 29, '2020-11-27', '17:54:00', 1),
(945, 21, 2, 73, 0, 28, '2020-11-27', '17:54:10', 1),
(946, 21, 2, 73, 0, 28, '2020-11-27', '17:54:20', 1),
(947, 21, 2, 73, 0, 28, '2020-11-27', '17:54:31', 1),
(948, 21, 2, 73, 0, 27, '2020-11-27', '17:54:41', 1),
(949, 21, 6, 73, 0, 28, '2020-11-27', '17:54:51', 1),
(950, 21, 11, 73, 0, 27, '2020-11-27', '17:55:01', 1),
(951, 21, 11, 72.94, 0, 27, '2020-11-27', '17:55:11', 1),
(952, 21, 11, 72.31, 0, 28, '2020-11-27', '17:55:21', 1),
(953, 21, 12, 72.06, 0, 28, '2020-11-27', '17:55:31', 1),
(954, 21, 12, 72, 0, 28, '2020-11-27', '17:55:41', 1),
(955, 21, 12, 72, 0, 28, '2020-11-27', '17:55:51', 1),
(956, 22, 11, 72, 0, 28, '2020-11-27', '17:56:01', 1),
(957, 22, 12, 72, 0, 29, '2020-11-27', '17:56:11', 1),
(958, 22, 12, 72.69, 0, 28, '2020-11-27', '17:56:21', 1),
(959, 22, 11, 73, 0, 28, '2020-11-27', '17:56:31', 1),
(960, 22, 11, 73, 0, 28, '2020-11-27', '17:56:41', 1),
(961, 22, 12, 72.94, 0, 28, '2020-11-27', '17:56:51', 1),
(962, 22, 11, 72, 0, 28, '2020-11-27', '17:57:01', 1),
(963, 22, 12, 72, 0, 28, '2020-11-27', '17:57:11', 1),
(964, 22, 11, 71, 0, 27, '2020-11-27', '17:57:21', 1),
(965, 22, 11, 71, 0, 27, '2020-11-27', '17:57:31', 1),
(966, 22, 11, 71, 0, 25, '2020-11-27', '17:57:41', 1),
(967, 22, 11, 70.94, 0, 27, '2020-11-27', '17:57:51', 1),
(968, 22, 11, 70, 0, 26, '2020-11-27', '17:58:02', 1),
(969, 22, 11, 70, 0, 27, '2020-11-27', '17:58:12', 1),
(970, 22, 11, 70, 0, 27, '2020-11-27', '17:58:22', 1),
(971, 22, 11, 69.63, 0, 27, '2020-11-27', '17:58:32', 1),
(972, 22.7, 11, 69, 0, 27, '2020-11-27', '17:58:42', 1),
(973, 23, 11, 69.72, 0, 27, '2020-11-27', '17:58:52', 1),
(974, 23, 11, 70, 0, 25, '2020-11-27', '17:59:02', 1),
(975, 23, 11, 70, 0, 27, '2020-11-27', '17:59:12', 1),
(976, 23, 11, 70, 0, 27, '2020-11-27', '17:59:22', 1),
(977, 23, 11, 70, 0, 27, '2020-11-27', '17:59:32', 1),
(978, 23, 12, 69.98, 0, 27, '2020-11-27', '17:59:42', 1),
(979, 23, 11, 69, 0, 27, '2020-11-27', '17:59:53', 1),
(980, 22, 11, 69, 0, 27, '2020-11-27', '18:02:02', 1),
(981, 22, 11, 69, 0, 28, '2020-11-27', '18:02:12', 1),
(982, 22, 11, 69, 0, 28, '2020-11-27', '18:02:22', 1);
INSERT INTO `parametros` (`Id`, `Temperatura`, `Humedad_suelo`, `Humedad_ambiente`, `Precipitaciones`, `Intensidad_luz_solar`, `Fecha`, `Hora`, `Id_dispositivo`) VALUES
(983, 22.67, 11, 69, 0, 28, '2020-11-27', '18:02:32', 1),
(984, 23, 12, 68.53, 0, 28, '2020-11-27', '18:03:07', 1),
(985, 23, 40, 68, 1, 27, '2020-11-27', '18:03:11', 1),
(986, 22, 10, 68, 0, 29, '2020-11-27', '18:03:21', 1),
(987, 22, 15, 68, 0, 29, '2020-11-27', '18:03:31', 1),
(988, 22, 15, 68, 0, 29, '2020-11-27', '18:03:41', 1),
(989, 22, 14, 68, 0, 29, '2020-11-27', '18:03:51', 1),
(990, 22.39, 14, 68, 0, 29, '2020-11-27', '18:04:01', 1),
(991, 22.36, 14, 68, 0, 29, '2020-11-27', '18:04:11', 1),
(992, 23, 15, 68, 0, 30, '2020-11-27', '18:04:21', 1),
(993, 23, 14, 68, 0, 29, '2020-11-27', '18:04:31', 1),
(994, 23, 14, 68, 0, 29, '2020-11-27', '18:04:41', 1),
(995, 23, 14, 68, 0, 29, '2020-11-27', '18:04:51', 1),
(996, 23, 14, 68, 0, 29, '2020-11-27', '18:05:01', 1),
(997, 23, 14, 68, 0, 29, '2020-11-27', '18:05:11', 1),
(998, 23, 14, 68, 0, 30, '2020-11-27', '18:05:21', 1),
(999, 23, 14, 67.94, 0, 29, '2020-11-27', '18:05:32', 1),
(1000, 23, 14, 67, 0, 29, '2020-11-27', '18:05:42', 1),
(1001, 23, 14, 67.69, 0, 29, '2020-11-27', '18:05:52', 1),
(1002, 23, 13, 67.32, 0, 28, '2020-11-27', '18:06:02', 1),
(1003, 23, 13, 67, 0, 28, '2020-11-27', '18:06:12', 1),
(1004, 23, 13, 67, 0, 28, '2020-11-27', '18:06:22', 1),
(1005, 23, 13, 67, 0, 28, '2020-11-27', '18:06:32', 1),
(1006, 23, 13, 67, 0, 28, '2020-11-27', '18:07:23', 1),
(1007, 23, 12, 67, 0, 27, '2020-11-27', '18:07:33', 1),
(1008, 26, 0, 66, 0, 58, '2020-11-28', '12:58:10', 1),
(1009, 26, 6, 60, 0, 57, '2020-11-28', '12:58:18', 1),
(1010, 26, 3, 60, 0, 63, '2020-11-28', '12:58:28', 1),
(1011, 26, 4, 60, 0, 50, '2020-11-28', '12:58:38', 1),
(1012, 26, 4, 60, 0, 53, '2020-11-28', '12:58:48', 1),
(1013, 26, 5, 60, 0, 67, '2020-11-28', '12:58:58', 1),
(1014, 26, 5, 60, 0, 74, '2020-11-28', '12:59:13', 1),
(1015, 26, 8, 60, 0, 71, '2020-11-28', '12:59:19', 1),
(1016, 26, 5, 60, 0, 71, '2020-11-28', '12:59:29', 1),
(1017, 26, 6, 60, 0, 71, '2020-11-28', '12:59:40', 1),
(1018, 26, 5, 60, 0, 71, '2020-11-28', '12:59:50', 1),
(1019, 26, 4, 60, 0, 71, '2020-11-28', '13:00:01', 1),
(1020, 26, 5, 60, 0, 72, '2020-11-28', '13:00:11', 1),
(1021, 26.35, 5, 60, 0, 72, '2020-11-28', '13:00:21', 1),
(1022, 27, 8, 60, 0, 73, '2020-11-28', '13:00:31', 1),
(1023, 27, 6, 60, 0, 73, '2020-11-28', '13:00:41', 1),
(1024, 27, 5, 60, 0, 73, '2020-11-28', '13:00:51', 1),
(1025, 27, 5, 60, 0, 73, '2020-11-28', '13:01:02', 1),
(1026, 27, 6, 60, 0, 74, '2020-11-28', '13:01:13', 1),
(1027, 27, 6, 60, 0, 73, '2020-11-28', '13:01:22', 1),
(1028, 27, 4, 60, 0, 73, '2020-11-28', '13:01:33', 1),
(1029, 27, 4, 60, 0, 74, '2020-11-28', '13:01:43', 1),
(1030, 27, 4, 60, 0, 74, '2020-11-28', '13:01:52', 1),
(1031, 27, 5, 60, 0, 73, '2020-11-28', '13:02:02', 1),
(1032, 27, 4, 60, 0, 74, '2020-11-28', '13:02:12', 1),
(1033, 27, 5, 60, 0, 74, '2020-11-28', '13:02:23', 1),
(1034, 27, 4, 60, 0, 74, '2020-11-28', '13:02:32', 1),
(1035, 27, 5, 60, 0, 74, '2020-11-28', '13:02:42', 1),
(1036, 27, 5, 60, 0, 74, '2020-11-28', '13:02:53', 1),
(1037, 27, 5, 60, 0, 75, '2020-11-28', '13:03:03', 1),
(1038, 27, 9, 60, 0, 75, '2020-11-28', '13:03:15', 1),
(1039, 27, 4, 60, 0, 74, '2020-11-28', '13:03:25', 1),
(1040, 27, 5, 60, 0, 74, '2020-11-28', '13:03:35', 1),
(1041, 27, 5, 60, 0, 75, '2020-11-28', '13:03:48', 1),
(1042, 23, 4, 75, 0, 49, '2020-11-29', '10:50:44', 1),
(1043, 23, 2, 70, 0, 61, '2020-11-29', '10:50:54', 1),
(1044, 23, 2, 70, 0, 64, '2020-11-29', '10:51:04', 1),
(1045, 23, 2, 70, 0, 64, '2020-11-29', '10:51:14', 1),
(1046, 23, 1, 70, 0, 64, '2020-11-29', '10:51:24', 1),
(1047, 23, 1, 70, 0, 64, '2020-11-29', '10:51:34', 1),
(1048, 23.27, 2, 69.67, 0, 64, '2020-11-29', '10:51:45', 1),
(1049, 23, 2, 69, 0, 64, '2020-11-29', '10:51:55', 1),
(1050, 23.32, 1, 69, 0, 65, '2020-11-29', '10:52:04', 1),
(1051, 23.07, 1, 69.76, 0, 65, '2020-11-29', '10:52:15', 1),
(1052, 24, 1, 70.31, 0, 65, '2020-11-29', '10:52:25', 1),
(1053, 24, 1, 70, 0, 65, '2020-11-29', '10:52:35', 1),
(1054, 24, 2, 70, 0, 66, '2020-11-29', '10:52:45', 1),
(1055, 24, 2, 70, 0, 65, '2020-11-29', '10:52:55', 1),
(1056, 24, 1, 70, 0, 66, '2020-11-29', '10:53:05', 1),
(1057, 24, 1, 70, 0, 66, '2020-11-29', '10:53:15', 1),
(1058, 24, 1, 70, 0, 66, '2020-11-29', '10:53:25', 1),
(1059, 24, 1, 69.31, 0, 66, '2020-11-29', '10:53:35', 1),
(1060, 24, 2, 69.26, 0, 66, '2020-11-29', '10:53:45', 1),
(1061, 24, 1, 69, 0, 66, '2020-11-29', '10:53:55', 1),
(1062, 24, 1, 69, 0, 66, '2020-11-29', '10:54:05', 1),
(1063, 25, 1, 70, 0, 65, '2020-11-29', '10:55:37', 1),
(1064, 25, 1, 70, 0, 66, '2020-11-29', '10:55:47', 1),
(1065, 25, 1, 70, 0, 65, '2020-11-29', '10:55:57', 1),
(1066, 25, 1, 70, 0, 65, '2020-11-29', '10:56:07', 1),
(1067, 24, 0, 73, 0, 62, '2020-11-29', '11:24:08', 1),
(1068, 24, 2, 68, 0, 63, '2020-11-29', '11:24:18', 1),
(1069, 24, 2, 68, 0, 63, '2020-11-29', '11:24:28', 1),
(1070, 25, 2, 68, 0, 63, '2020-11-29', '11:24:38', 1),
(1071, 25, 2, 68, 0, 63, '2020-11-29', '11:24:48', 1),
(1072, 25, 2, 68, 0, 64, '2020-11-29', '11:24:59', 1),
(1073, 25, 2, 67.94, 0, 64, '2020-11-29', '11:25:09', 1),
(1074, 25, 2, 67, 0, 64, '2020-11-29', '11:25:19', 1),
(1075, 25, 2, 67, 0, 63, '2020-11-29', '11:25:29', 1),
(1076, 25, 2, 67, 0, 63, '2020-11-29', '11:25:39', 1),
(1077, 25, 2, 66.98, 0, 62, '2020-11-29', '11:25:49', 1),
(1078, 25, 2, 66.31, 0, 62, '2020-11-29', '11:25:59', 1),
(1079, 25, 2, 66, 0, 62, '2020-11-29', '11:26:09', 1),
(1080, 25, 2, 66, 0, 62, '2020-11-29', '11:26:19', 1),
(1081, 25, 2, 66, 0, 62, '2020-11-29', '11:26:29', 1),
(1082, 25, 2, 66, 0, 62, '2020-11-29', '11:26:39', 1),
(1083, 25, 2, 66, 0, 62, '2020-11-29', '11:26:49', 1),
(1084, 25, 2, 66, 0, 62, '2020-11-29', '11:26:59', 1),
(1085, 25, 2, 66, 0, 62, '2020-11-29', '11:27:09', 1),
(1086, 25, 2, 66, 0, 61, '2020-11-29', '11:27:19', 1),
(1087, 25, 2, 66, 0, 62, '2020-11-29', '11:27:29', 1),
(1088, 25, 2, 66, 0, 62, '2020-11-29', '11:27:39', 1),
(1089, 25, 2, 66, 0, 62, '2020-11-29', '11:27:49', 1),
(1090, 25, 2, 66, 0, 62, '2020-11-29', '11:27:59', 1),
(1091, 27, 0, 66, 0, 66, '2020-11-29', '12:57:26', 1),
(1092, 27, 0, 61, 0, 67, '2020-11-29', '12:57:36', 1),
(1093, 27.06, 0, 61, 0, 67, '2020-11-29', '12:57:46', 1),
(1094, 27.02, 0, 61, 0, 67, '2020-11-29', '12:57:56', 1),
(1095, 28, 0, 61, 0, 67, '2020-11-29', '12:58:06', 1),
(1096, 28, 0, 61, 0, 67, '2020-11-29', '12:58:16', 1),
(1097, 28, 0, 61, 0, 67, '2020-11-29', '12:58:27', 1),
(1098, 28, 0, 61, 0, 66, '2020-11-29', '12:58:36', 1),
(1099, 28, 0, 61, 0, 63, '2020-11-29', '12:58:46', 1),
(1100, 28, 0, 61, 0, 64, '2020-11-29', '12:58:57', 1),
(1101, 28, 0, 61, 0, 64, '2020-11-29', '12:59:07', 1),
(1102, 28, 0, 61, 0, 64, '2020-11-29', '12:59:17', 1),
(1103, 28, 0, 61, 0, 64, '2020-11-29', '12:59:27', 1),
(1104, 28, 0, 61, 0, 64, '2020-11-29', '12:59:37', 1),
(1105, 28, 0, 61, 0, 63, '2020-11-29', '13:01:54', 1),
(1106, 28, 0, 61, 0, 64, '2020-11-29', '13:02:04', 1),
(1107, 28, 0, 60, 0, 64, '2020-11-29', '13:02:14', 1),
(1108, 28, 0, 60, 0, 64, '2020-11-29', '13:02:24', 1),
(1109, 28, 0, 60.06, 0, 65, '2020-11-29', '13:02:34', 1),
(1110, 28, 0, 61, 0, 64, '2020-11-29', '13:02:44', 1),
(1111, 28, 1, 61, 0, 65, '2020-11-29', '13:02:54', 1),
(1112, 28, 0, 61, 0, 64, '2020-11-29', '13:03:04', 1),
(1113, 28, 1, 61, 0, 64, '2020-11-29', '13:03:14', 1),
(1114, 28, 1, 61, 0, 64, '2020-11-29', '13:03:24', 1),
(1115, 28, 1, 61, 0, 64, '2020-11-29', '13:03:34', 1),
(1116, 28, 1, 61, 0, 64, '2020-11-29', '13:03:44', 1),
(1117, 23, 0, 72, 0, 50, '2020-11-29', '17:20:41', 1),
(1118, 23, 0, 67.69, 0, 47, '2020-11-29', '17:20:51', 1),
(1119, 23, 0, 67.94, 0, 47, '2020-11-29', '17:21:01', 1),
(1120, 23, 0, 68, 0, 47, '2020-11-29', '17:21:11', 1),
(1121, 23, 0, 67.68, 0, 46, '2020-11-29', '17:21:21', 1),
(1122, 23, 0, 67.38, 0, 47, '2020-11-29', '17:21:31', 1),
(1123, 23, 0, 67.61, 0, 47, '2020-11-29', '17:21:41', 1),
(1124, 23, 0, 68, 0, 46, '2020-11-29', '17:21:51', 1),
(1125, 23, 0, 68, 0, 46, '2020-11-29', '17:22:01', 1),
(1126, 19, 0, 82, 0, 61, '2020-11-30', '08:04:33', 1),
(1127, 19, 2, 78, 0, 58, '2020-11-30', '08:04:43', 1),
(1128, 18.69, 1, 78, 0, 59, '2020-11-30', '08:04:53', 1),
(1129, 19, 1, 78, 0, 59, '2020-11-30', '08:05:03', 1),
(1130, 19, 1, 78, 0, 58, '2020-11-30', '08:05:13', 1),
(1131, 19, 1, 78, 0, 58, '2020-11-30', '08:05:23', 1),
(1132, 19, 1, 78, 0, 59, '2020-11-30', '08:05:33', 1),
(1133, 19, 1, 77.64, 0, 58, '2020-11-30', '08:05:43', 19),
(1134, 19, 1, 77.07, 0, 58, '2020-11-30', '08:05:53', 1),
(1135, 19, 1, 77, 0, 58, '2020-11-30', '08:06:03', 1),
(1136, 19, 1, 77, 0, 57, '2020-11-30', '08:06:13', 1),
(1137, 19, 1, 77, 0, 57, '2020-11-30', '08:06:23', 1),
(1138, 19, 1, 77, 0, 57, '2020-11-30', '08:06:33', 1),
(1139, 19, 1, 77.67, 0, 58, '2020-11-30', '08:06:43', 19),
(1140, 19, 1, 77.34, 0, 57, '2020-11-30', '08:06:53', 1),
(1141, 19, 1, 77, 0, 57, '2020-11-30', '08:07:03', 1),
(1142, 19, 1, 77, 0, 57, '2020-11-30', '08:07:13', 1),
(1143, 19, 1, 77, 0, 57, '2020-11-30', '08:07:23', 1),
(1144, 20, 0, 78, 0, 66, '2020-11-30', '09:00:05', 1),
(1145, 20, 1, 74, 0, 64, '2020-11-30', '09:00:15', 1),
(1146, 20, 1, 74, 0, 64, '2020-11-30', '09:00:25', 1),
(1147, 20, 1, 74, 0, 64, '2020-11-30', '09:00:35', 19),
(1148, 20, 1, 74, 0, 64, '2020-11-30', '09:00:45', 1),
(1149, 20, 1, 74, 0, 65, '2020-11-30', '09:00:55', 1),
(1150, 20, 1, 74, 0, 65, '2020-11-30', '09:01:05', 1),
(1151, 20, 1, 74, 0, 64, '2020-11-30', '09:01:15', 1),
(1152, 20, 1, 74, 0, 64, '2020-11-30', '09:01:25', 1),
(1153, 20, 1, 73.59, 0, 65, '2020-11-30', '09:01:35', 1),
(1154, 20, 1, 73, 0, 64, '2020-11-30', '09:01:45', 1),
(1155, 20.31, 1, 72.69, 0, 64, '2020-11-30', '09:01:55', 1),
(1156, 20.66, 1, 72.4, 0, 64, '2020-11-30', '09:02:05', 1),
(1157, 20.04, 1, 73.64, 0, 64, '2020-11-30', '09:02:15', 1),
(1158, 20.38, 1, 73.62, 0, 65, '2020-11-30', '09:02:25', 1),
(1159, 20.94, 1, 73, 0, 64, '2020-11-30', '09:02:35', 19),
(1160, 20.67, 1, 73.35, 0, 64, '2020-11-30', '09:02:45', 1),
(1161, 21, 1, 73, 0, 64, '2020-11-30', '09:02:55', 1),
(1162, 21, 1, 72.62, 0, 64, '2020-11-30', '09:03:05', 1),
(1163, 21, 0, 72, 0, 66, '2020-11-30', '10:03:37', 1),
(1164, 21.35, 0, 67, 0, 67, '2020-11-30', '10:03:47', 1),
(1165, 22, 0, 67, 0, 67, '2020-11-30', '10:03:57', 1),
(1166, 22, 0, 67, 0, 67, '2020-11-30', '10:04:07', 1),
(1167, 22, 0, 67, 0, 67, '2020-11-30', '10:04:17', 1),
(1168, 22, 0, 67, 0, 67, '2020-11-30', '10:04:27', 1),
(1169, 22, 0, 66.62, 0, 67, '2020-11-30', '10:04:37', 1),
(1170, 22, 0, 66.31, 0, 67, '2020-11-30', '10:04:47', 19),
(1171, 22, 0, 66, 0, 67, '2020-11-30', '10:04:57', 1),
(1172, 22, 0, 66, 0, 67, '2020-11-30', '10:05:07', 1),
(1173, 22, 0, 66, 0, 67, '2020-11-30', '10:05:17', 1),
(1174, 22, 0, 66, 0, 67, '2020-11-30', '10:05:27', 1),
(1175, 22, 0, 66, 0, 67, '2020-11-30', '10:05:37', 1),
(1176, 22, 0, 66, 0, 67, '2020-11-30', '10:05:47', 19),
(1177, 22, 0, 66, 0, 68, '2020-11-30', '10:05:57', 1),
(1178, 23, 0, 68, 1, 70, '2020-11-30', '11:38:31', 1),
(1179, 24, 1, 63, 0, 69, '2020-11-30', '11:38:41', 1),
(1180, 24, 1, 63, 0, 74, '2020-11-30', '11:38:52', 1),
(1181, 24, 1, 63, 0, 74, '2020-11-30', '11:39:02', 1),
(1182, 24, 1, 63, 0, 73, '2020-11-30', '11:39:12', 1),
(1183, 24, 1, 63, 0, 73, '2020-11-30', '11:39:22', 1),
(1184, 24, 1, 63, 0, 73, '2020-11-30', '11:39:32', 1),
(1185, 24, 1, 62, 0, 72, '2020-11-30', '11:39:42', 1),
(1186, 24, 1, 62, 0, 73, '2020-11-30', '11:39:52', 1),
(1187, 24, 1, 62, 0, 73, '2020-11-30', '11:40:02', 1),
(1188, 24, 1, 62, 0, 73, '2020-11-30', '11:40:12', 1),
(1189, 24, 1, 62, 0, 72, '2020-11-30', '11:40:22', 1),
(1190, 24, 1, 62, 0, 72, '2020-11-30', '11:40:32', 1),
(1191, 24, 1, 62, 0, 72, '2020-11-30', '11:40:42', 1),
(1192, 24, 1, 62, 0, 72, '2020-11-30', '11:40:52', 1),
(1193, 24, 1, 62, 0, 72, '2020-11-30', '11:41:02', 1),
(1194, 24, 1, 62, 0, 72, '2020-11-30', '11:41:12', 19),
(1195, 24, 1, 62, 0, 72, '2020-11-30', '11:41:22', 1),
(1196, 24, 1, 62, 0, 72, '2020-11-30', '11:41:32', 1),
(1197, 24, 1, 62, 0, 71, '2020-11-30', '11:41:43', 19),
(1198, 24, 1, 62, 0, 71, '2020-11-30', '11:41:52', 1),
(1199, 24.02, 1, 62, 0, 71, '2020-11-30', '11:42:03', 1),
(1200, 25, 1, 62, 0, 71, '2020-11-30', '11:42:13', 19),
(1201, 25, 1, 62, 0, 71, '2020-11-30', '11:42:23', 1),
(1202, 25, 1, 62, 0, 70, '2020-11-30', '11:42:33', 1),
(1203, 25, 1, 62, 0, 70, '2020-11-30', '11:42:43', 1),
(1204, 25, 1, 62, 0, 70, '2020-11-30', '11:42:53', 1),
(1205, 25, 1, 62, 0, 69, '2020-11-30', '11:43:03', 19),
(1206, 25, 1, 62, 0, 69, '2020-11-30', '11:43:13', 1),
(1207, 25, 1, 62, 0, 68, '2020-11-30', '11:43:23', 1),
(1208, 25, 1, 62, 0, 68, '2020-11-30', '11:43:33', 1),
(1209, 25, 1, 62, 0, 68, '2020-11-30', '11:43:43', 1),
(1210, 25, 1, 62, 0, 68, '2020-11-30', '11:43:53', 1),
(1211, 25, 1, 62, 0, 68, '2020-11-30', '11:44:03', 1),
(1212, 24.69, 1, 62, 0, 68, '2020-11-30', '11:44:13', 1),
(1213, 25, 1, 62, 0, 68, '2020-11-30', '11:44:23', 1),
(1214, 25, 1, 62, 0, 68, '2020-11-30', '11:44:33', 1),
(1215, 24.68, 1, 62, 0, 68, '2020-11-30', '11:44:43', 1),
(1216, 24.68, 1, 61.64, 0, 68, '2020-11-30', '11:44:53', 19),
(1217, 24.36, 1, 61.36, 0, 67, '2020-11-30', '11:45:03', 1),
(1218, 24.37, 1, 62, 0, 67, '2020-11-30', '11:45:13', 1),
(1219, 24.37, 1, 61.69, 0, 67, '2020-11-30', '11:45:23', 1),
(1220, 24.33, 1, 61.94, 0, 67, '2020-11-30', '11:45:33', 1),
(1221, 26, 0, 66, 1, 55, '2020-11-30', '12:57:42', 1),
(1222, 26, 1, 61, 1, 65, '2020-11-30', '12:57:52', 1),
(1223, 26, 1, 61, 1, 67, '2020-11-30', '12:58:02', 1),
(1224, 26, 1, 61, 1, 66, '2020-11-30', '12:58:12', 1),
(1225, 26, 1, 61, 1, 66, '2020-11-30', '12:58:22', 19),
(1226, 26.33, 1, 61, 1, 66, '2020-11-30', '12:58:43', 1),
(1227, 26.67, 1, 61, 1, 66, '2020-11-30', '12:58:53', 1),
(1228, 27, 1, 61, 1, 65, '2020-11-30', '12:59:03', 1),
(1229, 26, 1, 61, 1, 65, '2020-11-30', '12:59:13', 1),
(1230, 27, 1, 61, 1, 64, '2020-11-30', '12:59:22', 1),
(1231, 27, 1, 61, 1, 63, '2020-11-30', '12:59:33', 1),
(1232, 27, 1, 60.66, 1, 63, '2020-11-30', '12:59:43', 1),
(1233, 27, 1, 61, 1, 64, '2020-11-30', '12:59:53', 19),
(1234, 27, 1, 60.98, 1, 63, '2020-11-30', '13:00:03', 1),
(1235, 27, 1, 60, 1, 64, '2020-11-30', '13:00:13', 1),
(1236, 27, 1, 60, 1, 64, '2020-11-30', '13:00:23', 19),
(1237, 27, 1, 60, 1, 65, '2020-11-30', '13:00:33', 1),
(1238, 27, 1, 60, 1, 64, '2020-11-30', '13:00:43', 1),
(1239, 27, 1, 60.65, 1, 62, '2020-11-30', '13:01:23', 1),
(1240, 27, 1, 61, 1, 61, '2020-11-30', '13:01:33', 1),
(1241, 27, 1, 61, 1, 62, '2020-11-30', '13:01:43', 1),
(1242, 27, 0, 61, 0, 66, '2020-11-30', '13:08:11', 1),
(1243, 26.67, 0, 60, 0, 64, '2020-11-30', '13:08:21', 1),
(1244, 27, 0, 60, 0, 64, '2020-11-30', '13:08:31', 19),
(1245, 27, 0, 60, 0, 64, '2020-11-30', '13:08:41', 1),
(1246, 26.68, 0, 60, 0, 64, '2020-11-30', '13:08:51', 1),
(1247, 27, 0, 60, 0, 64, '2020-11-30', '13:09:01', 19),
(1248, 26.65, 0, 59.63, 0, 63, '2020-11-30', '13:09:12', 1),
(1249, 27, 0, 59.65, 0, 64, '2020-11-30', '13:09:22', 1),
(1250, 26.3, 0, 59.38, 0, 64, '2020-11-30', '13:09:32', 1),
(1251, 26, 0, 59, 0, 64, '2020-11-30', '13:09:42', 1),
(1252, 23, 0, 66, 0, 62, '2020-11-30', '15:06:48', 1),
(1253, 23, 0, 61, 0, 62, '2020-11-30', '15:06:58', 1),
(1254, 23.67, 0, 61, 0, 61, '2020-11-30', '15:07:08', 19),
(1255, 24, 0, 61, 0, 58, '2020-11-30', '15:07:18', 1),
(1256, 24, 0, 61, 0, 58, '2020-11-30', '15:07:28', 1),
(1257, 24, 0, 61, 0, 58, '2020-11-30', '15:07:38', 19),
(1258, 24, 0, 61, 0, 57, '2020-11-30', '15:07:48', 1),
(1259, 24, 0, 61, 0, 62, '2020-11-30', '15:07:58', 1),
(1260, 24, 0, 61, 0, 62, '2020-11-30', '15:08:09', 1),
(1261, 24, 0, 61, 0, 62, '2020-11-30', '15:08:18', 1),
(1262, 21, 0, 77, 0, 43, '2020-11-30', '17:33:43', 1),
(1263, 21, 0, 72, 0, 45, '2020-11-30', '17:33:53', 1),
(1264, 21, 0, 72, 0, 45, '2020-11-30', '17:34:03', 1),
(1265, 21, 0, 72, 0, 45, '2020-11-30', '17:34:13', 1),
(1266, 21, 0, 72, 0, 45, '2020-11-30', '17:34:23', 1),
(1267, 21, 0, 72, 0, 45, '2020-11-30', '17:34:34', 1),
(1268, 21, 0, 72, 0, 46, '2020-11-30', '17:34:43', 1),
(1269, 21.68, 0, 72, 0, 45, '2020-11-30', '17:34:54', 1),
(1270, 22, 0, 72, 0, 45, '2020-11-30', '17:35:04', 1),
(1271, 22, 3, 75, 0, 65, '2020-12-01', '10:07:01', 1),
(1272, 22, 1, 70, 0, 62, '2020-12-01', '10:07:11', 1),
(1273, 22, 1, 70, 0, 62, '2020-12-01', '10:07:21', 1),
(1274, 22.37, 1, 70, 0, 60, '2020-12-01', '10:07:32', 1),
(1275, 23, 1, 70, 0, 60, '2020-12-01', '10:07:42', 1),
(1276, 23, 1, 70, 0, 60, '2020-12-01', '10:07:52', 1),
(1277, 23, 1, 70, 0, 62, '2020-12-01', '10:08:01', 1),
(1278, 23, 1, 69.7, 0, 59, '2020-12-01', '10:08:12', 1),
(1279, 23, 2, 69, 0, 61, '2020-12-01', '10:08:22', 1),
(1280, 23, 1, 69, 0, 60, '2020-12-01', '10:08:32', 1),
(1281, 23, 1, 69, 0, 60, '2020-12-01', '10:08:42', 1),
(1282, 23, 1, 69, 0, 60, '2020-12-01', '10:08:52', 1),
(1283, 23, 1, 69, 0, 60, '2020-12-01', '10:09:02', 1),
(1284, 23, 1, 69, 0, 60, '2020-12-01', '10:09:12', 1),
(1285, 23, 1, 69, 0, 62, '2020-12-01', '10:09:22', 1),
(1286, 24, 0, 69, 0, 73, '2020-12-01', '12:03:47', 1),
(1287, 24, 0, 64, 0, 71, '2020-12-01', '12:03:57', 1),
(1288, 24, 0, 64, 0, 70, '2020-12-01', '12:04:07', 1),
(1289, 24, 0, 64, 0, 70, '2020-12-01', '12:04:17', 1),
(1290, 24, 0, 64, 0, 70, '2020-12-01', '12:04:27', 1),
(1291, 24, 0, 64, 0, 69, '2020-12-01', '12:04:40', 1),
(1292, 24, 0, 64, 0, 69, '2020-12-01', '12:04:47', 1),
(1293, 24, 1, 64, 0, 69, '2020-12-01', '12:04:57', 1),
(1294, 24.31, 1, 64, 0, 69, '2020-12-01', '12:05:10', 1),
(1295, 24, 1, 64, 0, 69, '2020-12-01', '12:05:17', 1),
(1296, 24.62, 1, 64, 0, 69, '2020-12-01', '12:05:27', 1),
(1297, 24.5, 15, 64, 1, 68, '2020-12-01', '12:05:37', 1),
(1298, 24.65, 1, 64, 0, 69, '2020-12-01', '12:05:47', 1),
(1299, 25, 1, 64, 0, 69, '2020-12-01', '12:06:00', 1),
(1300, 25, 1, 64, 0, 69, '2020-12-01', '12:06:07', 1),
(1301, 25, 1, 64, 0, 69, '2020-12-01', '12:06:28', 1),
(1302, 25, 1, 64, 0, 69, '2020-12-01', '12:06:38', 1),
(1303, 24, 0, 69, 0, 77, '2020-12-01', '13:26:32', 3),
(1304, 24.73, 0, 68.47, 0, 90, '2020-12-01', '13:29:05', 3),
(1305, 25, 0, 68, 0, 91, '2020-12-01', '13:30:05', 3),
(1306, 25, 0, 68, 0, 81, '2020-12-01', '13:31:05', 3),
(1307, 25, 0, 68, 0, 77, '2020-12-01', '13:32:05', 3),
(1308, 25, 0, 68, 0, 78, '2020-12-01', '13:33:07', 3),
(1309, 25, 0, 68, 0, 77, '2020-12-01', '13:34:07', 3),
(1310, 25, 0, 68, 0, 83, '2020-12-01', '13:35:07', 3),
(1311, 25, 0, 68.45, 0, 88, '2020-12-01', '13:36:07', 3),
(1312, 25, 0, 68.47, 0, 86, '2020-12-01', '13:37:07', 3),
(1313, 25, 0, 67.93, 0, 80, '2020-12-01', '13:38:07', 3),
(1314, 24.6, 0, 67, 0, 77, '2020-12-01', '13:39:07', 3),
(1315, 24, 0, 67.58, 0, 76, '2020-12-01', '13:40:07', 3),
(1316, 19.69, 0, 76.23, 0, 17, '2020-12-01', '22:32:49', 1),
(1317, 20, 0, 76, 0, 17, '2020-12-01', '22:33:49', 1),
(1318, 20, 0, 76, 0, 18, '2020-12-01', '22:34:49', 19),
(1319, 20, 0, 76, 0, 18, '2020-12-01', '22:35:49', 1),
(1320, 20, 0, 76, 0, 20, '2020-12-01', '22:36:49', 1),
(1321, 20, 0, 75.12, 0, 20, '2020-12-01', '22:37:49', 19),
(1322, 20, 0, 75, 0, 20, '2020-12-01', '22:38:50', 1),
(1323, 20, 0, 75, 0, 20, '2020-12-01', '22:39:50', 1),
(1324, 20, 0, 75, 0, 20, '2020-12-01', '22:40:50', 1),
(1325, 20, 0, 75, 0, 20, '2020-12-01', '22:41:50', 1),
(1326, 23.86, 0, 69.81, 0, 78, '2020-12-02', '12:07:03', 3),
(1327, 23.96, 0, 69.19, 0, 78, '2020-12-02', '12:08:03', 3),
(1328, 23.96, 0, 69.59, 0, 77, '2020-12-02', '12:10:03', 3),
(1329, 24, 0, 69.17, 0, 77, '2020-12-02', '12:11:03', 3),
(1330, 24.11, 0, 69.24, 0, 78, '2020-12-02', '12:12:03', 3),
(1331, 24, 0, 68.56, 0, 78, '2020-12-02', '12:13:04', 3),
(1332, 23.97, 0, 69, 0, 78, '2020-12-02', '12:14:04', 3),
(1333, 23.96, 0, 68.96, 0, 80, '2020-12-02', '12:15:04', 3),
(1334, 23.96, 0, 68.7, 0, 78, '2020-12-02', '12:16:04', 3),
(1335, 24, 0, 68.89, 0, 78, '2020-12-02', '12:17:05', 3),
(1336, 24, 0, 68.77, 0, 78, '2020-12-02', '12:18:04', 3),
(1337, 24, 0, 68.2, 0, 77, '2020-12-02', '12:19:04', 3),
(1338, 24, 0, 68.11, 0, 77, '2020-12-02', '12:20:04', 3),
(1339, 23.96, 0, 68.06, 0, 78, '2020-12-02', '12:21:04', 3),
(1340, 18, 23, 86, 0, 36, '2020-12-02', '21:37:38', 1),
(1341, 19, 17, 80, 0, 41, '2020-12-02', '21:45:43', 1),
(1342, 19, 15, 79.66, 0, 42, '2020-12-02', '21:46:44', 1),
(1343, 19, 16, 78.92, 0, 46, '2020-12-02', '21:48:46', 1),
(1344, 19, 18, 78.04, 0, 47, '2020-12-02', '21:49:46', 1),
(1345, 19, 22, 77.98, 0, 52, '2020-12-02', '21:50:47', 19),
(1346, 19, 21, 78, 0, 49, '2020-12-02', '21:51:47', 1),
(1347, 19, 18, 77.96, 0, 43, '2020-12-02', '21:53:48', 1),
(1348, 21, 0, 83, 0, 88, '2020-12-03', '00:57:55', 19),
(1349, 21, 0, 83, 0, 87, '2020-12-03', '00:58:55', 19),
(1350, 21, 0, 81, 0, 99, '2020-12-03', '01:04:34', 19),
(1351, 20, 47, 79, 0, 97, '2020-12-03', '01:05:35', 19),
(1352, 20, 57, 79, 0, 98, '2020-12-03', '01:06:38', 19),
(1353, 20, 58, 79, 0, 98, '2020-12-03', '01:07:38', 19),
(1354, 20, 59, 79.34, 0, 98, '2020-12-03', '01:08:37', 19),
(1355, 20, 60, 79.15, 0, 99, '2020-12-03', '01:09:38', 19),
(1356, 21, 57, 81, 0, 0, '2020-12-03', '01:17:48', 19),
(1357, 21, 56, 79, 0, 0, '2020-12-03', '01:18:47', 19),
(1358, 21, 58, 80, 0, 17, '2020-12-03', '01:21:25', 19),
(1359, 21, 57, 79.31, 0, 16, '2020-12-03', '01:22:26', 19),
(1360, 21, 58, 79.68, 0, 6, '2020-12-03', '01:23:28', 19),
(1361, 20.95, 58, 79.33, 0, 0, '2020-12-03', '01:24:28', 19),
(1362, 21, 58, 79, 0, 0, '2020-12-03', '01:25:29', 19),
(1363, 20.69, 59, 78.69, 0, 0, '2020-12-03', '01:26:29', 19),
(1364, 20.01, 59, 78.01, 0, 0, '2020-12-03', '01:27:30', 19),
(1365, 20, 59, 78.22, 0, 0, '2020-12-03', '01:28:30', 19),
(1366, 20, 59, 79, 0, 0, '2020-12-03', '01:29:30', 19),
(1367, 20, 60, 79, 0, 0, '2020-12-03', '01:31:31', 19),
(1368, 20, 60, 79, 0, 0, '2020-12-03', '01:32:31', 19),
(1369, 20, 60, 79, 0, 0, '2020-12-03', '01:33:31', 19),
(1370, 20, 61, 79, 0, 0, '2020-12-03', '01:34:31', 19),
(1371, 20, 61, 79, 0, 0, '2020-12-03', '01:35:32', 19),
(1372, 20, 61, 79, 0, 0, '2020-12-03', '01:36:33', 19),
(1373, 20, 61, 79, 0, 0, '2020-12-03', '01:37:32', 19),
(1374, 20, 61, 79, 0, 0, '2020-12-03', '01:38:32', 19),
(1375, 20, 61, 79, 0, 0, '2020-12-03', '01:39:32', 19),
(1376, 20, 61, 79, 0, 0, '2020-12-03', '01:40:34', 19),
(1377, 20, 62, 79, 0, 0, '2020-12-03', '01:41:33', 19),
(1378, 20.05, 62, 79.05, 0, 0, '2020-12-03', '01:42:32', 19),
(1379, 20, 62, 79, 0, 0, '2020-12-03', '01:43:33', 19),
(1380, 20.04, 62, 79.04, 0, 0, '2020-12-03', '01:44:33', 19),
(1381, 20.04, 62, 79.04, 0, 0, '2020-12-03', '01:45:33', 19),
(1382, 20, 63, 79, 0, 0, '2020-12-03', '01:46:35', 19),
(1383, 20, 63, 79, 0, 0, '2020-12-03', '01:47:34', 19),
(1384, 20, 63, 79, 0, 0, '2020-12-03', '01:48:34', 19),
(1385, 20, 63, 79, 0, 0, '2020-12-03', '01:49:34', 19),
(1386, 20, 63, 79, 0, 0, '2020-12-03', '01:50:34', 19),
(1387, 20, 63, 79, 0, 0, '2020-12-03', '01:51:34', 19),
(1388, 20.04, 63, 79.04, 0, 0, '2020-12-03', '01:52:35', 19),
(1389, 20, 63, 79, 0, 0, '2020-12-03', '01:53:36', 19),
(1390, 20, 63, 79, 0, 0, '2020-12-03', '01:54:37', 19),
(1391, 20, 64, 79, 0, 0, '2020-12-03', '01:55:37', 19),
(1392, 20, 64, 79, 0, 0, '2020-12-03', '01:56:38', 19),
(1393, 20, 64, 79, 0, 0, '2020-12-03', '01:57:38', 19),
(1394, 20, 64, 79, 0, 0, '2020-12-03', '01:58:38', 19),
(1395, 20, 64, 79, 0, 0, '2020-12-03', '01:59:38', 19),
(1396, 20, 64, 79, 0, 0, '2020-12-03', '02:00:38', 19),
(1397, 20, 64, 79, 0, 0, '2020-12-03', '02:01:38', 19),
(1398, 20, 64, 79, 0, 0, '2020-12-03', '02:02:39', 19),
(1399, 20, 64, 79, 0, 0, '2020-12-03', '02:03:38', 19),
(1400, 20, 64, 79, 0, 0, '2020-12-03', '02:04:39', 19),
(1401, 20, 64, 79, 0, 0, '2020-12-03', '02:06:39', 19),
(1402, 20, 64, 79, 0, 0, '2020-12-03', '02:07:39', 19),
(1403, 20, 64, 79, 0, 0, '2020-12-03', '02:08:39', 19),
(1404, 20, 64, 79, 0, 0, '2020-12-03', '02:10:43', 19),
(1405, 20, 64, 79, 0, 0, '2020-12-03', '02:11:42', 19),
(1406, 20, 64, 78.71, 0, 0, '2020-12-03', '02:12:42', 19),
(1407, 20, 65, 78.04, 0, 0, '2020-12-03', '02:13:43', 19),
(1408, 20.01, 65, 78.09, 0, 0, '2020-12-03', '02:14:42', 19),
(1409, 20, 65, 78.69, 0, 0, '2020-12-03', '02:15:44', 19),
(1410, 20, 65, 78, 0, 0, '2020-12-03', '02:16:42', 19),
(1411, 20, 64, 78.4, 0, 0, '2020-12-03', '02:17:42', 19),
(1412, 20, 65, 78, 0, 0, '2020-12-03', '02:18:43', 19),
(1413, 20.04, 65, 78.09, 0, 0, '2020-12-03', '02:19:43', 19),
(1414, 20, 65, 78, 0, 0, '2020-12-03', '02:20:44', 19),
(1415, 20, 65, 78, 0, 0, '2020-12-03', '02:21:44', 19),
(1416, 20, 65, 78, 0, 0, '2020-12-03', '02:22:44', 19),
(1417, 20, 65, 78, 0, 0, '2020-12-03', '02:23:44', 19),
(1418, 20, 65, 78, 0, 0, '2020-12-03', '02:24:46', 19),
(1419, 20, 65, 78, 0, 0, '2020-12-03', '02:25:44', 19),
(1420, 20, 65, 78, 0, 0, '2020-12-03', '02:26:45', 19),
(1421, 20, 65, 78, 0, 0, '2020-12-03', '02:27:45', 19),
(1422, 20, 65, 78, 0, 0, '2020-12-03', '02:28:45', 19),
(1423, 20, 65, 78, 0, 0, '2020-12-03', '02:29:45', 19),
(1424, 20.04, 65, 78.04, 0, 0, '2020-12-03', '02:30:45', 19),
(1425, 20, 65, 78, 0, 0, '2020-12-03', '02:31:46', 19),
(1426, 19.96, 65, 78, 0, 0, '2020-12-03', '02:32:46', 19),
(1427, 20, 65, 78, 0, 0, '2020-12-03', '02:33:46', 19),
(1428, 20, 65, 78, 0, 0, '2020-12-03', '02:34:46', 19),
(1429, 20, 65, 78, 0, 0, '2020-12-03', '02:35:46', 19),
(1430, 20.04, 65, 78.04, 0, 0, '2020-12-03', '02:36:46', 19),
(1431, 20, 65, 78, 0, 0, '2020-12-03', '02:37:46', 19),
(1432, 20.04, 65, 78.04, 0, 0, '2020-12-03', '02:38:46', 19),
(1433, 20, 65, 78, 0, 0, '2020-12-03', '02:39:46', 19),
(1434, 20, 65, 78, 0, 0, '2020-12-03', '02:40:46', 19),
(1435, 20, 65, 78, 0, 0, '2020-12-03', '02:41:46', 19),
(1436, 20, 65, 78, 0, 0, '2020-12-03', '02:42:47', 19),
(1437, 20, 65, 78, 0, 0, '2020-12-03', '02:43:47', 19),
(1438, 20, 65, 78, 0, 0, '2020-12-03', '02:44:47', 19),
(1439, 20, 65, 78, 0, 0, '2020-12-03', '02:45:47', 19),
(1440, 20, 65, 78, 0, 0, '2020-12-03', '02:46:48', 19),
(1441, 20, 65, 78, 0, 0, '2020-12-03', '02:47:48', 19),
(1442, 20, 65, 78, 0, 0, '2020-12-03', '02:48:49', 19),
(1443, 20, 65, 78, 0, 0, '2020-12-03', '02:49:50', 19),
(1444, 20, 65, 78, 0, 0, '2020-12-03', '02:50:51', 19),
(1445, 20, 65, 78, 0, 0, '2020-12-03', '02:51:51', 19),
(1446, 20, 65, 78, 0, 0, '2020-12-03', '02:52:53', 19),
(1447, 20, 65, 78, 0, 0, '2020-12-03', '02:53:54', 19),
(1448, 20, 65, 78, 0, 0, '2020-12-03', '02:54:55', 19),
(1449, 20, 65, 78, 0, 0, '2020-12-03', '02:55:55', 19),
(1450, 20, 65, 78, 0, 0, '2020-12-03', '02:56:56', 19),
(1451, 20, 65, 78, 0, 0, '2020-12-03', '02:57:56', 19),
(1452, 20, 65, 78, 0, 0, '2020-12-03', '02:58:57', 19),
(1453, 20, 65, 78, 0, 0, '2020-12-03', '03:00:00', 19),
(1454, 20, 65, 78, 0, 0, '2020-12-03', '03:00:59', 19),
(1455, 20, 65, 78, 0, 0, '2020-12-03', '03:01:59', 19),
(1456, 20, 65, 78, 0, 0, '2020-12-03', '03:02:59', 19),
(1457, 20, 65, 78, 0, 0, '2020-12-03', '03:03:59', 19),
(1458, 20.04, 65, 78.04, 0, 0, '2020-12-03', '03:04:59', 19),
(1459, 20, 65, 78, 0, 0, '2020-12-03', '03:05:59', 19),
(1460, 20, 65, 78, 0, 0, '2020-12-03', '03:06:59', 19),
(1461, 20, 65, 78, 0, 0, '2020-12-03', '03:08:00', 19),
(1462, 20, 65, 78, 0, 0, '2020-12-03', '03:09:00', 19),
(1463, 20, 65, 78, 0, 0, '2020-12-03', '03:10:02', 19),
(1464, 20, 65, 78, 0, 0, '2020-12-03', '03:11:01', 19),
(1465, 20, 65, 78, 0, 0, '2020-12-03', '03:12:02', 19),
(1466, 20.04, 65, 78.04, 0, 0, '2020-12-03', '03:13:01', 19),
(1467, 19.74, 55, 80.37, 0, 0, '2020-12-03', '07:27:30', 19),
(1468, 19.99, 56, 79.92, 0, 4, '2020-12-03', '07:31:30', 19),
(1469, 19.99, 57, 79.72, 0, 3, '2020-12-03', '07:35:30', 19),
(1470, 19.94, 58, 78.79, 0, 17, '2020-12-03', '07:43:31', 19),
(1471, 19.02, 58, 80.54, 0, 27, '2020-12-03', '07:47:31', 19),
(1472, 19.14, 59, 81.66, 0, 4, '2020-12-03', '07:51:31', 19),
(1473, 19.98, 59, 80.89, 0, 5, '2020-12-03', '07:55:31', 19),
(1474, 20, 59, 80.82, 0, 7, '2020-12-03', '07:59:32', 19),
(1475, 19.99, 59, 80.85, 0, 6, '2020-12-03', '08:03:31', 19),
(1476, 20.01, 59, 80.85, 0, 6, '2020-12-03', '08:07:33', 19),
(1477, 20.01, 59, 80.88, 0, 7, '2020-12-03', '08:11:32', 19),
(1478, 20, 59, 81, 0, 7, '2020-12-03', '08:15:32', 19),
(1479, 20, 59, 81, 0, 7, '2020-12-03', '08:19:32', 19),
(1480, 20, 59, 81, 0, 5, '2020-12-03', '08:23:35', 19),
(1481, 20.01, 59, 81.01, 0, 3, '2020-12-03', '08:27:36', 19),
(1482, 20.02, 58, 81.02, 0, 3, '2020-12-03', '08:31:37', 19),
(1483, 19.99, 58, 81, 0, 4, '2020-12-03', '08:35:35', 19),
(1484, 20, 58, 80.87, 0, 2, '2020-12-03', '08:39:35', 19),
(1485, 20, 57, 80.2, 0, 2, '2020-12-03', '08:43:35', 19),
(1486, 20, 57, 80.24, 0, 2, '2020-12-03', '08:47:35', 19),
(1487, 20, 57, 80.89, 0, 4, '2020-12-03', '08:51:36', 19),
(1488, 20, 56, 81, 0, 4, '2020-12-03', '08:55:36', 19),
(1489, 20, 56, 80.21, 0, 3, '2020-12-03', '08:59:36', 19),
(1490, 20, 56, 80.78, 0, 4, '2020-12-03', '09:03:35', 19),
(1491, 20, 56, 81, 0, 7, '2020-12-03', '09:07:37', 19),
(1492, 20.01, 56, 81.01, 0, 9, '2020-12-03', '09:11:36', 19),
(1493, 20.01, 56, 81.01, 0, 11, '2020-12-03', '09:15:36', 19),
(1494, 19.99, 56, 81, 0, 9, '2020-12-03', '09:19:36', 19),
(1495, 20.01, 55, 81.06, 0, 8, '2020-12-03', '09:23:37', 19),
(1496, 20, 55, 81.03, 0, 9, '2020-12-03', '09:27:36', 19),
(1497, 20, 55, 81, 0, 10, '2020-12-03', '09:31:36', 19),
(1498, 20.01, 55, 81.01, 0, 13, '2020-12-03', '09:35:36', 19),
(1499, 20.01, 55, 81.02, 0, 17, '2020-12-03', '09:39:37', 19),
(1500, 20.01, 55, 81.01, 0, 14, '2020-12-03', '09:43:37', 19),
(1501, 20.01, 55, 81.01, 0, 13, '2020-12-03', '09:47:37', 19),
(1502, 20, 55, 81.23, 0, 13, '2020-12-03', '09:51:37', 19),
(1503, 20.01, 55, 81.01, 0, 13, '2020-12-03', '09:55:38', 19),
(1504, 20.01, 55, 81.03, 0, 11, '2020-12-03', '09:59:38', 19),
(1505, 21, 10, 70.54, 0, 60, '2020-12-03', '09:59:41', 1),
(1506, 21, 10, 69.36, 0, 59, '2020-12-03', '10:00:41', 1),
(1507, 21.04, 10, 69.94, 0, 56, '2020-12-03', '10:01:42', 1),
(1508, 21, 11, 70, 0, 52, '2020-12-03', '10:02:42', 1),
(1509, 20, 55, 81, 0, 9, '2020-12-03', '10:03:38', 19),
(1510, 21.49, 11, 70, 0, 49, '2020-12-03', '10:03:42', 1),
(1511, 21.93, 12, 70, 0, 49, '2020-12-03', '10:04:42', 1),
(1512, 20.01, 55, 80.72, 0, 24, '2020-12-03', '10:07:38', 19),
(1513, 20, 55, 79.44, 0, 50, '2020-12-03', '10:11:39', 19),
(1514, 20.03, 55, 79.07, 0, 43, '2020-12-03', '10:15:38', 19),
(1515, 20.01, 55, 78.54, 0, 41, '2020-12-03', '10:19:38', 19),
(1516, 20.98, 55, 78.27, 0, 44, '2020-12-03', '10:27:39', 3),
(1517, 20.88, 55, 77.42, 0, 47, '2020-12-03', '10:31:38', 3),
(1518, 20.97, 54, 77.58, 0, 47, '2020-12-03', '10:35:39', 19),
(1519, 20.99, 54, 78.32, 0, 41, '2020-12-03', '10:39:39', 19),
(1520, 21, 54, 77.64, 0, 39, '2020-12-03', '10:43:39', 19),
(1521, 21, 55, 78.86, 0, 37, '2020-12-03', '10:47:39', 19),
(1522, 20.97, 55, 78.68, 0, 43, '2020-12-03', '10:51:39', 19),
(1523, 20.98, 55, 78.13, 0, 40, '2020-12-03', '10:55:40', 19),
(1524, 21, 55, 77.58, 0, 41, '2020-12-03', '10:59:40', 19),
(1525, 21, 55, 78.6, 0, 40, '2020-12-03', '11:03:40', 19),
(1526, 21, 55, 79.32, 0, 34, '2020-12-03', '11:07:41', 19),
(1527, 21.01, 55, 79.83, 0, 34, '2020-12-03', '11:11:43', 19),
(1528, 20.98, 55, 79.42, 0, 34, '2020-12-03', '11:15:41', 19),
(1529, 21.03, 55, 78.97, 0, 38, '2020-12-03', '11:19:41', 19),
(1530, 20.98, 55, 79.56, 0, 44, '2020-12-03', '11:23:42', 19),
(1531, 21, 55, 80.35, 0, 45, '2020-12-03', '11:27:42', 19),
(1532, 21, 55, 80.32, 0, 22, '2020-12-03', '11:31:43', 19),
(1533, 20.99, 55, 80.99, 0, 17, '2020-12-03', '11:35:43', 19),
(1534, 21, 55, 81.28, 0, 14, '2020-12-03', '11:39:43', 19),
(1535, 21.01, 55, 81.2, 0, 46, '2020-12-03', '11:43:44', 19),
(1536, 21.02, 55, 81.73, 0, 49, '2020-12-03', '11:47:43', 19),
(1537, 21.01, 55, 83.08, 0, 42, '2020-12-03', '11:51:44', 19),
(1538, 20.99, 55, 83.98, 0, 39, '2020-12-03', '11:55:43', 19),
(1539, 20.99, 55, 84.28, 0, 42, '2020-12-03', '11:59:44', 19),
(1540, 21, 55, 85, 0, 46, '2020-12-03', '12:03:44', 19),
(1541, 21.01, 55, 85.01, 0, 52, '2020-12-03', '12:07:44', 19),
(1542, 24, 7, 64.18, 0, 48, '2020-12-03', '12:08:24', 1),
(1543, 24.21, 7, 63.88, 0, 48, '2020-12-03', '12:09:24', 1),
(1544, 24.88, 9, 63, 1, 47, '2020-12-03', '12:10:24', 1),
(1545, 25, 10, 63.49, 1, 46, '2020-12-03', '12:11:24', 1),
(1546, 21, 55, 85, 0, 55, '2020-12-03', '12:11:44', 19),
(1547, 25, 11, 64, 1, 47, '2020-12-03', '12:12:24', 1),
(1548, 25.29, 10, 64, 1, 50, '2020-12-03', '12:14:24', 1),
(1549, 21, 55, 85.29, 0, 52, '2020-12-03', '12:15:44', 19),
(1550, 20.99, 55, 85.99, 0, 52, '2020-12-03', '12:19:44', 19),
(1551, 21.01, 55, 86.32, 0, 54, '2020-12-03', '12:23:44', 19),
(1552, 20.99, 55, 86.99, 0, 56, '2020-12-03', '12:27:44', 19),
(1553, 21, 55, 87.1, 0, 52, '2020-12-03', '12:31:44', 19),
(1554, 21.01, 55, 87.2, 0, 28, '2020-12-03', '12:43:46', 19),
(1555, 21, 55, 87.92, 0, 26, '2020-12-03', '12:47:46', 19),
(1556, 21, 55, 88, 0, 35, '2020-12-03', '12:51:46', 19),
(1557, 21, 55, 88, 0, 38, '2020-12-03', '12:55:49', 19),
(1558, 21.01, 55, 87.63, 0, 27, '2020-12-03', '12:59:49', 19),
(1559, 21, 55, 87.71, 0, 24, '2020-12-03', '13:03:48', 19),
(1560, 21, 55, 87.77, 0, 30, '2020-12-03', '13:07:49', 19),
(1561, 21, 55, 87.88, 0, 32, '2020-12-03', '13:11:48', 19),
(1562, 21.03, 55, 87.36, 0, 31, '2020-12-03', '13:15:48', 19),
(1563, 21.01, 55, 87.29, 0, 32, '2020-12-03', '13:19:49', 19),
(1564, 21, 55, 87.81, 0, 31, '2020-12-03', '13:23:49', 19),
(1565, 21.01, 55, 87.48, 0, 24, '2020-12-03', '13:27:49', 19),
(1566, 21.01, 55, 87.33, 0, 27, '2020-12-03', '13:31:50', 19),
(1567, 20.99, 55, 87.15, 0, 29, '2020-12-03', '13:35:49', 3),
(1568, 21, 55, 87.03, 0, 29, '2020-12-03', '13:39:52', 19),
(1569, 21.01, 55, 87.01, 0, 28, '2020-12-03', '13:43:49', 19),
(1570, 21.01, 56, 87.01, 0, 31, '2020-12-03', '13:47:51', 19),
(1571, 21, 56, 87, 0, 31, '2020-12-03', '13:51:51', 19),
(1572, 21, 56, 86.93, 0, 34, '2020-12-03', '13:55:52', 19),
(1573, 21.03, 56, 87.03, 0, 36, '2020-12-03', '13:59:51', 19),
(1574, 20.99, 56, 86.99, 0, 37, '2020-12-03', '14:03:52', 19),
(1575, 21.01, 56, 87.01, 0, 40, '2020-12-03', '14:11:52', 19),
(1576, 21, 56, 87, 0, 36, '2020-12-03', '14:15:52', 19),
(1577, 21, 56, 87.53, 0, 37, '2020-12-03', '14:19:53', 19),
(1578, 21, 56, 87.89, 0, 44, '2020-12-03', '14:23:54', 19),
(1579, 21.02, 57, 86.23, 0, 68, '2020-12-03', '14:39:54', 19),
(1580, 21, 57, 86, 0, 56, '2020-12-03', '14:43:54', 19),
(1581, 21, 57, 86, 0, 53, '2020-12-03', '14:47:54', 19),
(1582, 21, 57, 86, 0, 53, '2020-12-03', '14:51:54', 19),
(1583, 21.1, 57, 85.77, 0, 75, '2020-12-03', '14:55:54', 19),
(1584, 22.99, 57, 80.24, 0, 95, '2020-12-03', '14:59:54', 19),
(1585, 28.19, 57, 62.14, 0, 99, '2020-12-03', '15:03:55', 19),
(1586, 28.07, 57, 59, 0, 59, '2020-12-03', '15:07:55', 19),
(1587, 23.49, 57, 73.61, 0, 58, '2020-12-03', '15:11:55', 3),
(1588, 22.66, 57, 80.68, 0, 52, '2020-12-03', '15:15:56', 19),
(1589, 22.02, 57, 82.43, 0, 44, '2020-12-03', '15:19:55', 19),
(1590, 21.99, 57, 84.28, 0, 32, '2020-12-03', '15:23:55', 19),
(1591, 21.98, 57, 85.28, 0, 40, '2020-12-03', '15:27:56', 19),
(1592, 22.01, 57, 85.16, 0, 47, '2020-12-03', '15:31:57', 3),
(1593, 21.98, 57, 86.88, 0, 42, '2020-12-03', '15:35:57', 19),
(1594, 21.18, 58, 86.2, 0, 38, '2020-12-03', '15:39:57', 19),
(1595, 21.04, 58, 86.96, 0, 31, '2020-12-03', '15:47:57', 19),
(1596, 21.04, 58, 86.88, 0, 27, '2020-12-03', '15:51:57', 19),
(1597, 21.05, 58, 86.78, 0, 25, '2020-12-03', '15:55:58', 19),
(1598, 21.01, 58, 86.77, 0, 16, '2020-12-03', '15:59:59', 19),
(1599, 21.01, 58, 87.01, 0, 11, '2020-12-03', '16:03:58', 3),
(1600, 21.01, 58, 87.01, 0, 9, '2020-12-03', '16:07:58', 19),
(1601, 21.03, 58, 87.03, 0, 12, '2020-12-03', '16:11:58', 19),
(1602, 21.02, 58, 86.4, 0, 13, '2020-12-03', '16:15:58', 19),
(1603, 21.02, 58, 86.58, 0, 16, '2020-12-03', '16:19:58', 19),
(1604, 21.01, 58, 86.65, 0, 18, '2020-12-03', '16:23:59', 19),
(1605, 21.02, 58, 87.02, 0, 16, '2020-12-03', '16:27:59', 19),
(1606, 21.03, 58, 86.68, 0, 17, '2020-12-03', '16:32:02', 19),
(1607, 21, 58, 86.44, 0, 18, '2020-12-03', '16:35:59', 19),
(1608, 21.02, 58, 86.57, 0, 14, '2020-12-03', '16:40:00', 19),
(1609, 21.02, 58, 86.66, 0, 9, '2020-12-03', '16:43:59', 19),
(1610, 21, 58, 86.67, 0, 8, '2020-12-03', '16:48:00', 19),
(1611, 20.98, 58, 86.07, 0, 7, '2020-12-03', '16:52:00', 19),
(1612, 21.02, 58, 86.28, 0, 4, '2020-12-03', '16:56:00', 3),
(1613, 21.02, 58, 86.01, 0, 4, '2020-12-03', '17:00:03', 19),
(1614, 21, 58, 85.87, 0, 4, '2020-12-03', '17:04:03', 19),
(1615, 21, 58, 85.48, 0, 3, '2020-12-03', '17:08:03', 19),
(1616, 21.01, 58, 85.66, 0, 2, '2020-12-03', '17:12:03', 19),
(1617, 21.01, 58, 85.99, 0, 0, '2020-12-03', '17:16:03', 19),
(1618, 21.02, 58, 86.01, 0, 12, '2020-12-03', '17:20:03', 19),
(1619, 21, 58, 86.01, 0, 6, '2020-12-03', '17:24:03', 19),
(1620, 21, 58, 86.85, 0, 1, '2020-12-03', '17:28:03', 3),
(1621, 21.01, 58, 86.17, 0, 1, '2020-12-03', '17:32:03', 19),
(1622, 21.01, 58, 85.39, 0, 0, '2020-12-03', '17:36:03', 19),
(1623, 21, 58, 85.01, 0, 0, '2020-12-03', '17:40:04', 19),
(1624, 21.01, 58, 85.21, 0, 0, '2020-12-03', '17:44:04', 19),
(1625, 21, 58, 85.88, 0, 0, '2020-12-03', '17:48:03', 19),
(1626, 21.01, 59, 86.01, 0, 0, '2020-12-03', '17:52:04', 3),
(1627, 21.01, 59, 85.29, 0, 0, '2020-12-03', '17:56:04', 19),
(1628, 21, 59, 85, 0, 1, '2020-12-03', '18:00:04', 19),
(1629, 20.99, 59, 84.99, 0, 0, '2020-12-03', '18:04:04', 19),
(1630, 21, 59, 84.97, 0, 0, '2020-12-03', '18:08:05', 19),
(1631, 21.01, 59, 85, 0, 0, '2020-12-03', '18:12:05', 19),
(1632, 21.02, 59, 85.02, 0, 0, '2020-12-03', '18:16:05', 3),
(1633, 21.01, 59, 84.98, 0, 0, '2020-12-03', '18:20:05', 19),
(1634, 21, 59, 85, 0, 0, '2020-12-03', '18:24:05', 19),
(1635, 21, 59, 85, 0, 0, '2020-12-03', '18:28:05', 19),
(1636, 21, 59, 84.99, 0, 0, '2020-12-03', '18:32:05', 19),
(1637, 21, 59, 84.53, 0, 0, '2020-12-03', '18:36:06', 19),
(1638, 20.99, 59, 84.37, 0, 0, '2020-12-03', '18:40:05', 19),
(1639, 21, 59, 84, 0, 0, '2020-12-03', '18:44:05', 19),
(1640, 21.02, 59, 84.43, 0, 0, '2020-12-03', '18:48:05', 19),
(1641, 21, 59, 84.43, 0, 0, '2020-12-03', '18:52:06', 19),
(1642, 21.03, 59, 84.7, 0, 0, '2020-12-03', '18:56:06', 19),
(1643, 21, 59, 84.15, 0, 0, '2020-12-03', '19:00:05', 19),
(1644, 21, 59, 84.51, 0, 0, '2020-12-03', '19:04:06', 19),
(1645, 21, 59, 84.09, 0, 0, '2020-12-03', '19:08:06', 19),
(1646, 21, 59, 84, 0, 0, '2020-12-03', '19:12:08', 19),
(1647, 22, 0, 79.17, 0, 85, '2020-12-03', '19:13:19', 3),
(1648, 22, 0, 78.94, 0, 86, '2020-12-03', '19:14:28', 3),
(1649, 22.15, 0, 78.07, 0, 85, '2020-12-03', '19:15:23', 3),
(1650, 21, 59, 84.09, 0, 0, '2020-12-03', '19:16:07', 19),
(1651, 22.71, 0, 77.29, 0, 82, '2020-12-03', '19:16:23', 3),
(1652, 21, 59, 84.6, 0, 0, '2020-12-03', '19:20:07', 19),
(1653, 21, 59, 85, 0, 0, '2020-12-03', '19:24:09', 19),
(1654, 21, 59, 85, 0, 0, '2020-12-03', '19:28:09', 19),
(1655, 20.99, 59, 84.89, 0, 0, '2020-12-03', '19:32:09', 19),
(1656, 21.01, 59, 84.8, 0, 0, '2020-12-03', '19:36:10', 19),
(1657, 21, 59, 85, 0, 0, '2020-12-03', '19:40:10', 19),
(1658, 21.01, 59, 85.01, 0, 0, '2020-12-03', '19:44:11', 19),
(1659, 21.01, 59, 84.29, 0, 0, '2020-12-03', '19:48:12', 19),
(1660, 21.01, 59, 84.12, 0, 0, '2020-12-03', '19:52:13', 19),
(1661, 21.01, 59, 84.01, 0, 0, '2020-12-03', '19:56:12', 19),
(1662, 21.01, 59, 84.01, 0, 0, '2020-12-03', '20:00:12', 19),
(1663, 20, 5, 77, 1, 27, '2020-12-03', '20:03:27', 1),
(1664, 21, 59, 84, 0, 0, '2020-12-03', '20:04:12', 19),
(1665, 20, 3, 77, 1, 23, '2020-12-03', '20:04:45', 1),
(1666, 20, 3, 77, 1, 25, '2020-12-03', '20:05:36', 1),
(1667, 21.01, 59, 84, 0, 0, '2020-12-03', '20:08:12', 19),
(1668, 21, 59, 83.12, 0, 0, '2020-12-03', '20:12:12', 19),
(1669, 21, 59, 83.07, 0, 0, '2020-12-03', '20:16:13', 19),
(1670, 21.01, 59, 83.43, 0, 0, '2020-12-03', '20:20:13', 19),
(1671, 19, 2, 83.32, 1, 26, '2020-12-03', '20:23:56', 1),
(1672, 21.01, 59, 83.52, 0, 0, '2020-12-03', '20:24:13', 19),
(1673, 19, 2, 81.95, 1, 26, '2020-12-03', '20:24:27', 1),
(1674, 19.4, 1, 82, 1, 25, '2020-12-03', '20:24:57', 1),
(1675, 19.91, 2, 81.57, 1, 24, '2020-12-03', '20:25:27', 1),
(1676, 19.92, 1, 81, 1, 23, '2020-12-03', '20:25:57', 1),
(1677, 20, 1, 81, 0, 24, '2020-12-03', '20:27:57', 1),
(1678, 21, 59, 83.64, 0, 0, '2020-12-03', '20:28:14', 19),
(1679, 20, 1, 81, 0, 23, '2020-12-03', '20:28:27', 1),
(1680, 20, 1, 81, 0, 22, '2020-12-03', '20:28:57', 1),
(1681, 20, 1, 80.68, 0, 22, '2020-12-03', '20:29:27', 1),
(1682, 20, 1, 80.4, 0, 22, '2020-12-03', '20:29:58', 1),
(1683, 20, 1, 80, 0, 24, '2020-12-03', '20:30:28', 1),
(1684, 20, 1, 80, 0, 28, '2020-12-03', '20:30:58', 1),
(1685, 20.09, 1, 80.44, 0, 24, '2020-12-03', '20:31:28', 1),
(1686, 20.52, 1, 80.17, 0, 23, '2020-12-03', '20:31:58', 1),
(1687, 20.98, 59, 83.24, 0, 0, '2020-12-03', '20:32:13', 19),
(1688, 21, 1, 78.91, 0, 25, '2020-12-03', '20:32:28', 1),
(1689, 21, 1, 79, 0, 22, '2020-12-03', '20:32:58', 1),
(1690, 21, 1, 78, 0, 24, '2020-12-03', '20:33:28', 1),
(1691, 21, 1, 77.23, 0, 25, '2020-12-03', '20:33:59', 1),
(1692, 21, 1, 76.91, 0, 25, '2020-12-03', '20:34:28', 1),
(1693, 21, 1, 76.07, 0, 25, '2020-12-03', '20:34:59', 1),
(1694, 21, 1, 76, 0, 26, '2020-12-03', '20:35:29', 1),
(1695, 20.92, 1, 76.55, 0, 26, '2020-12-03', '20:35:59', 1),
(1696, 21, 59, 83.27, 0, 0, '2020-12-03', '20:36:14', 19),
(1697, 21, 1, 76.67, 0, 25, '2020-12-03', '20:36:29', 1),
(1698, 20.76, 1, 76.56, 0, 25, '2020-12-03', '20:36:59', 1),
(1699, 21.03, 59, 83.03, 0, 0, '2020-12-03', '20:44:16', 19),
(1700, 21, 59, 83.07, 0, 0, '2020-12-03', '20:48:16', 19),
(1701, 21.02, 59, 83.38, 0, 0, '2020-12-03', '20:52:17', 19),
(1702, 21.01, 60, 83.62, 0, 0, '2020-12-03', '20:56:17', 19),
(1703, 21, 60, 82.62, 0, 0, '2020-12-03', '21:04:17', 19),
(1704, 21, 60, 82.91, 0, 0, '2020-12-03', '21:08:17', 19),
(1705, 21, 60, 83, 0, 0, '2020-12-03', '21:12:20', 19),
(1706, 21, 60, 83, 0, 0, '2020-12-03', '21:16:17', 19),
(1707, 21, 60, 83.06, 0, 0, '2020-12-03', '21:20:18', 19),
(1708, 21, 60, 83, 0, 0, '2020-12-03', '21:24:18', 19),
(1709, 21, 60, 83, 0, 0, '2020-12-03', '21:28:18', 19),
(1710, 21, 60, 82.91, 0, 0, '2020-12-03', '21:32:21', 19),
(1711, 23.39, 0, 77.01, 0, 95, '2020-12-03', '21:33:42', 3),
(1712, 23.53, 0, 76.3, 0, 94, '2020-12-03', '21:34:41', 3),
(1713, 23.06, 0, 76.37, 0, 95, '2020-12-03', '21:35:41', 3),
(1714, 21.01, 60, 83.01, 0, 0, '2020-12-03', '21:36:19', 19),
(1715, 23.13, 0, 77, 0, 81, '2020-12-03', '21:36:42', 3),
(1716, 23.08, 0, 76.65, 0, 82, '2020-12-03', '21:37:41', 3),
(1717, 23.08, 0, 77, 0, 82, '2020-12-03', '21:38:41', 3),
(1718, 23.04, 0, 77, 0, 81, '2020-12-03', '21:39:41', 3),
(1719, 21.01, 60, 83.01, 0, 0, '2020-12-03', '21:40:20', 19),
(1720, 23, 0, 77.15, 0, 81, '2020-12-03', '21:40:42', 3),
(1721, 23.14, 0, 77.06, 0, 81, '2020-12-03', '21:41:42', 3),
(1722, 23.11, 0, 77, 0, 81, '2020-12-03', '21:42:42', 3),
(1723, 23.04, 0, 77, 0, 84, '2020-12-03', '21:43:42', 3),
(1724, 21.02, 60, 83.02, 0, 0, '2020-12-03', '21:44:19', 19),
(1725, 23.04, 0, 77, 0, 81, '2020-12-03', '21:44:42', 3),
(1726, 23.24, 0, 77, 0, 81, '2020-12-03', '21:45:43', 3),
(1727, 23.33, 0, 76.98, 0, 81, '2020-12-03', '21:46:43', 3),
(1728, 23.08, 0, 77, 0, 81, '2020-12-03', '21:47:43', 3),
(1729, 21.02, 60, 83.02, 0, 0, '2020-12-03', '21:48:19', 19),
(1730, 23.19, 0, 77.08, 0, 81, '2020-12-03', '21:48:43', 3),
(1731, 23.16, 0, 77, 0, 81, '2020-12-03', '21:49:43', 3),
(1732, 23.08, 0, 77, 0, 83, '2020-12-03', '21:50:43', 3),
(1733, 23.04, 0, 77, 0, 81, '2020-12-03', '21:51:44', 3),
(1734, 21, 60, 82.85, 0, 0, '2020-12-03', '21:52:19', 19),
(1735, 23.04, 0, 76.96, 0, 82, '2020-12-03', '21:52:44', 3),
(1736, 23, 0, 77, 0, 81, '2020-12-03', '21:53:44', 3),
(1737, 21.01, 60, 82.95, 0, 0, '2020-12-03', '21:56:19', 19),
(1738, 21, 60, 82.95, 0, 0, '2020-12-03', '22:00:19', 19),
(1739, 21, 60, 82.23, 0, 0, '2020-12-03', '22:04:19', 19),
(1740, 19, 4, 87, 1, 0, '2020-12-03', '22:05:20', 1),
(1741, 18.62, 2, 81.99, 1, 24, '2020-12-03', '22:06:18', 1),
(1742, 19, 4, 81.08, 0, 24, '2020-12-03', '22:06:49', 1),
(1743, 19, 5, 81, 0, 23, '2020-12-03', '22:07:19', 1),
(1744, 19, 6, 81, 0, 24, '2020-12-03', '22:07:49', 1),
(1745, 19, 5, 81, 0, 22, '2020-12-03', '22:08:19', 1),
(1746, 21, 60, 82.32, 0, 0, '2020-12-03', '22:08:19', 19),
(1747, 19, 7, 81, 0, 25, '2020-12-03', '22:08:49', 1),
(1748, 19, 6, 81, 0, 24, '2020-12-03', '22:09:19', 1),
(1749, 19, 7, 81, 1, 26, '2020-12-03', '22:09:49', 1),
(1750, 19, 7, 80.84, 0, 26, '2020-12-03', '22:10:19', 1),
(1751, 19, 6, 80, 0, 26, '2020-12-03', '22:10:50', 1),
(1752, 19, 7, 80.08, 0, 23, '2020-12-03', '22:11:19', 1),
(1753, 19, 6, 80, 0, 22, '2020-12-03', '22:11:50', 1),
(1754, 21.01, 60, 82.03, 0, 0, '2020-12-03', '22:12:19', 19),
(1755, 19, 8, 80, 1, 23, '2020-12-03', '22:12:20', 1),
(1756, 19, 10, 79.56, 1, 27, '2020-12-03', '22:12:50', 1),
(1757, 21.01, 60, 82.01, 0, 0, '2020-12-03', '22:16:19', 19),
(1758, 21, 60, 82.41, 0, 0, '2020-12-03', '22:20:20', 19),
(1759, 21, 60, 83, 0, 0, '2020-12-03', '22:28:20', 19),
(1760, 21.01, 60, 83.42, 0, 0, '2020-12-03', '22:36:20', 19),
(1761, 21.01, 60, 84.01, 0, 0, '2020-12-03', '22:40:20', 19),
(1762, 21, 60, 84.06, 0, 0, '2020-12-03', '22:44:20', 19),
(1763, 21, 60, 84.58, 0, 0, '2020-12-03', '22:48:20', 19),
(1764, 21.01, 60, 85.01, 0, 0, '2020-12-03', '22:52:20', 19),
(1765, 21, 60, 84.77, 0, 0, '2020-12-03', '22:56:20', 19),
(1766, 21, 60, 84.08, 0, 0, '2020-12-03', '23:00:20', 19),
(1767, 21.02, 60, 84.03, 0, 0, '2020-12-03', '23:04:20', 19),
(1768, 21, 60, 84, 0, 0, '2020-12-03', '23:08:20', 19),
(1769, 21, 60, 83.92, 0, 0, '2020-12-03', '23:12:20', 19),
(1770, 21, 60, 83.44, 0, 0, '2020-12-03', '23:16:20', 19),
(1771, 20.99, 60, 82.99, 0, 0, '2020-12-03', '23:20:22', 19),
(1772, 21, 60, 83, 0, 0, '2020-12-03', '23:24:22', 19),
(1773, 21, 60, 83, 0, 0, '2020-12-03', '23:28:22', 19),
(1774, 21, 60, 82.97, 0, 0, '2020-12-03', '23:32:22', 19),
(1775, 21, 60, 82.67, 0, 0, '2020-12-03', '23:36:22', 19),
(1776, 21, 60, 82.01, 0, 0, '2020-12-03', '23:40:22', 19),
(1777, 21.01, 60, 82.01, 0, 0, '2020-12-03', '23:44:24', 19),
(1778, 21, 60, 82, 0, 0, '2020-12-03', '23:48:22', 19),
(1779, 21, 60, 82, 0, 0, '2020-12-03', '23:52:23', 19),
(1780, 21, 60, 82.03, 0, 0, '2020-12-03', '23:56:23', 19),
(1781, 21, 60, 82, 0, 0, '2020-12-04', '00:00:23', 19),
(1782, 21, 60, 82, 0, 0, '2020-12-04', '00:04:23', 19),
(1783, 21, 60, 82, 0, 0, '2020-12-04', '00:08:24', 19),
(1784, 21, 60, 82, 0, 0, '2020-12-04', '00:12:24', 19),
(1785, 21.01, 60, 82.01, 0, 0, '2020-12-04', '00:16:26', 19),
(1786, 21, 60, 81.93, 0, 0, '2020-12-04', '00:20:24', 19),
(1787, 21.01, 60, 81.88, 0, 0, '2020-12-04', '00:24:25', 19),
(1788, 21, 61, 81.61, 0, 0, '2020-12-04', '00:28:24', 19),
(1789, 21, 60, 81.03, 0, 0, '2020-12-04', '00:32:25', 19),
(1790, 21, 60, 81.05, 0, 0, '2020-12-04', '00:36:25', 19),
(1791, 21, 61, 81.01, 0, 0, '2020-12-04', '00:40:25', 19),
(1792, 20.59, 61, 81.47, 0, 0, '2020-12-04', '00:48:14', 19),
(1793, 21, 61, 82, 0, 0, '2020-12-04', '00:52:32', 19),
(1794, 21, 61, 81.37, 0, 0, '2020-12-04', '00:58:28', 19),
(1795, 20.99, 61, 80.99, 0, 0, '2020-12-04', '01:02:28', 19),
(1796, 21, 61, 81.03, 0, 0, '2020-12-04', '01:06:27', 19),
(1797, 21, 61, 81.06, 0, 0, '2020-12-04', '01:10:28', 19),
(1798, 21, 61, 81.22, 0, 0, '2020-12-04', '01:14:28', 19),
(1799, 21, 61, 81.55, 0, 0, '2020-12-04', '01:18:29', 19),
(1800, 20.99, 61, 80.99, 0, 0, '2020-12-04', '01:22:29', 19),
(1801, 21, 61, 81, 0, 0, '2020-12-04', '01:26:29', 19),
(1802, 20.98, 61, 80.99, 0, 0, '2020-12-04', '01:30:29', 19),
(1803, 21.01, 61, 81.58, 0, 0, '2020-12-04', '01:34:29', 19),
(1804, 20.99, 61, 81.37, 0, 0, '2020-12-04', '01:38:29', 19),
(1805, 20.99, 61, 81.27, 0, 0, '2020-12-04', '01:42:30', 19),
(1806, 21, 61, 81, 0, 0, '2020-12-04', '01:46:29', 19),
(1807, 20.99, 61, 80.99, 0, 0, '2020-12-04', '01:50:30', 19),
(1808, 20.99, 61, 80.99, 0, 0, '2020-12-04', '01:54:30', 19),
(1809, 21, 61, 81.01, 0, 0, '2020-12-04', '01:58:30', 19),
(1810, 21, 61, 81, 0, 0, '2020-12-04', '02:02:30', 19),
(1811, 20.99, 61, 80.99, 0, 0, '2020-12-04', '02:06:31', 19),
(1812, 20.94, 61, 80.94, 0, 0, '2020-12-04', '02:10:30', 19),
(1813, 20.36, 61, 80.36, 0, 0, '2020-12-04', '02:14:31', 19),
(1814, 20.15, 61, 80.15, 0, 0, '2020-12-04', '02:18:31', 19),
(1815, 20.07, 61, 80.07, 0, 0, '2020-12-04', '02:22:32', 19),
(1816, 20.04, 61, 80.04, 0, 0, '2020-12-04', '02:26:32', 19),
(1817, 20.01, 61, 80.01, 0, 0, '2020-12-04', '02:30:32', 19),
(1818, 20.02, 61, 80.02, 0, 0, '2020-12-04', '02:34:32', 19),
(1819, 20.02, 61, 79.72, 0, 0, '2020-12-04', '02:38:32', 19),
(1820, 20, 61, 79.02, 0, 0, '2020-12-04', '02:42:33', 19),
(1821, 20, 61, 79, 0, 0, '2020-12-04', '02:50:32', 19),
(1822, 20, 61, 79, 0, 0, '2020-12-04', '02:54:34', 19),
(1823, 20, 61, 79, 0, 0, '2020-12-04', '02:58:33', 19),
(1824, 20.02, 61, 78.74, 0, 0, '2020-12-04', '03:02:33', 19),
(1825, 20, 61, 78.48, 0, 0, '2020-12-04', '03:06:36', 19),
(1826, 20, 61, 78.15, 0, 0, '2020-12-04', '03:10:33', 19),
(1827, 20.01, 61, 78.86, 0, 0, '2020-12-04', '03:18:33', 19),
(1828, 20, 61, 78.63, 0, 0, '2020-12-04', '03:22:33', 19),
(1829, 20.02, 61, 78.25, 0, 0, '2020-12-04', '03:26:33', 19),
(1830, 20, 61, 78.02, 0, 0, '2020-12-04', '03:30:33', 19),
(1831, 18.35, 7, 84, 1, 40, '2020-12-04', '07:44:26', 1),
(1832, 18.95, 7, 84, 1, 40, '2020-12-04', '07:44:56', 1),
(1833, 19, 6, 84, 1, 39, '2020-12-04', '07:45:26', 1),
(1834, 19, 6, 83.84, 1, 39, '2020-12-04', '07:45:56', 1),
(1835, 19, 6, 83, 1, 41, '2020-12-04', '07:46:27', 1),
(1836, 19, 6, 82.54, 1, 40, '2020-12-04', '07:46:57', 1),
(1837, 19, 7, 81.93, 1, 40, '2020-12-04', '07:47:27', 1),
(1838, 19, 6, 81.74, 1, 39, '2020-12-04', '07:47:57', 1),
(1839, 19, 6, 81.32, 1, 39, '2020-12-04', '07:48:27', 1),
(1840, 19, 6, 81.13, 1, 43, '2020-12-04', '07:48:57', 1),
(1841, 19, 6, 81.16, 1, 43, '2020-12-04', '07:49:27', 1),
(1842, 19, 6, 81, 1, 43, '2020-12-04', '07:49:57', 1),
(1843, 20, 58, 79, 0, 0, '2020-12-04', '07:52:17', 19),
(1844, 20, 58, 79, 0, 0, '2020-12-04', '07:53:05', 19),
(1845, 20, 57, 79, 0, 0, '2020-12-04', '07:53:20', 19),
(1846, 20, 58, 79, 0, 1, '2020-12-04', '07:57:03', 19),
(1847, 20, 57, 79, 0, 0, '2020-12-04', '07:57:19', 19),
(1848, 20, 57, 79, 0, 0, '2020-12-04', '07:57:34', 19),
(1849, 20, 57, 79, 0, 0, '2020-12-04', '07:57:49', 19),
(1850, 20, 57, 79, 0, 0, '2020-12-04', '07:58:05', 19),
(1851, 20, 57, 79, 0, 0, '2020-12-04', '07:58:19', 19),
(1852, 20, 57, 78.2, 0, 0, '2020-12-04', '07:58:40', 19),
(1853, 20, 57, 78, 0, 0, '2020-12-04', '07:58:52', 19),
(1854, 20, 57, 78, 0, 0, '2020-12-04', '07:59:06', 19),
(1855, 20.04, 0, 84.04, 1, 60, '2020-12-04', '08:32:41', 3),
(1856, 20.04, 0, 84.04, 1, 60, '2020-12-04', '08:33:42', 3),
(1857, 20.08, 0, 84.9, 0, 60, '2020-12-04', '08:34:42', 3),
(1858, 20, 0, 85.1, 0, 61, '2020-12-04', '08:35:43', 3),
(1859, 20.04, 0, 86, 0, 60, '2020-12-04', '08:36:43', 3),
(1860, 19.94, 1, 86.38, 0, 61, '2020-12-04', '08:37:44', 3),
(1861, 19.96, 0, 87.81, 0, 62, '2020-12-04', '08:39:46', 3),
(1862, 20.06, 0, 87.1, 0, 61, '2020-12-04', '08:40:43', 3),
(1863, 20, 0, 87.03, 0, 61, '2020-12-04', '08:41:43', 3),
(1864, 20.03, 0, 86.64, 0, 61, '2020-12-04', '08:42:43', 3),
(1865, 20, 0, 86.05, 0, 66, '2020-12-04', '08:43:43', 3),
(1866, 20, 0, 86.5, 0, 71, '2020-12-04', '08:44:44', 3),
(1867, 19.96, 0, 87.54, 0, 67, '2020-12-04', '08:45:45', 3),
(1868, 20, 0, 87.95, 0, 64, '2020-12-04', '08:46:44', 3),
(1869, 20, 0, 88.3, 0, 65, '2020-12-04', '08:47:44', 3),
(1870, 19.96, 0, 88.32, 0, 68, '2020-12-04', '08:48:44', 3),
(1871, 20, 0, 88.82, 0, 64, '2020-12-04', '08:49:44', 3),
(1872, 20, 0, 89, 0, 59, '2020-12-04', '08:50:44', 3),
(1873, 19.92, 0, 89.04, 0, 59, '2020-12-04', '08:51:47', 3),
(1874, 19.97, 0, 89, 0, 64, '2020-12-04', '08:52:47', 3),
(1875, 19.96, 0, 89.04, 0, 63, '2020-12-04', '08:53:47', 3);
INSERT INTO `parametros` (`Id`, `Temperatura`, `Humedad_suelo`, `Humedad_ambiente`, `Precipitaciones`, `Intensidad_luz_solar`, `Fecha`, `Hora`, `Id_dispositivo`) VALUES
(1876, 19.96, 0, 89.13, 0, 56, '2020-12-04', '08:54:49', 3),
(1877, 20, 0, 89.09, 0, 53, '2020-12-04', '08:55:49', 3),
(1878, 19.95, 0, 89.77, 0, 52, '2020-12-04', '08:56:50', 3),
(1879, 19.96, 0, 89.01, 0, 53, '2020-12-04', '08:57:49', 3),
(1880, 19.96, 0, 88.96, 0, 53, '2020-12-04', '08:58:50', 3),
(1881, 20, 0, 89, 0, 55, '2020-12-04', '08:59:50', 3),
(1882, 19.96, 0, 89.22, 0, 53, '2020-12-04', '09:00:50', 3),
(1883, 20, 0, 88.45, 0, 51, '2020-12-04', '09:01:53', 3),
(1884, 20, 0, 88.04, 0, 49, '2020-12-04', '09:02:52', 3),
(1885, 20.04, 0, 88.58, 0, 51, '2020-12-04', '09:03:51', 3),
(1886, 19.99, 0, 89.3, 0, 54, '2020-12-04', '09:04:52', 3),
(1887, 20, 0, 89.06, 0, 55, '2020-12-04', '09:05:51', 3),
(1888, 20, 0, 89, 0, 55, '2020-12-04', '09:06:51', 3),
(1889, 20, 0, 89.07, 0, 55, '2020-12-04', '09:07:54', 3),
(1890, 19.95, 0, 89.45, 0, 55, '2020-12-04', '09:08:51', 3),
(1891, 20, 0, 89.16, 0, 57, '2020-12-04', '09:09:52', 3),
(1892, 19.96, 0, 89, 0, 58, '2020-12-04', '09:10:52', 3),
(1893, 20, 0, 88.2, 0, 59, '2020-12-04', '09:11:52', 3),
(1894, 20.04, 0, 88.08, 0, 59, '2020-12-04', '09:12:52', 3),
(1895, 20, 0, 88.05, 0, 61, '2020-12-04', '09:13:52', 3),
(1896, 20.04, 0, 87.59, 0, 61, '2020-12-04', '09:14:54', 3),
(1897, 20, 0, 87.4, 0, 60, '2020-12-04', '09:15:53', 3),
(1898, 20, 0, 87.21, 0, 59, '2020-12-04', '09:16:53', 3),
(1899, 20.04, 0, 88.04, 0, 57, '2020-12-04', '09:17:53', 3),
(1900, 20, 0, 88.14, 0, 55, '2020-12-04', '09:18:54', 3),
(1901, 21, 23, 78, 1, 41, '2020-12-04', '09:19:51', 1),
(1902, 20, 0, 87.9, 0, 54, '2020-12-04', '09:19:56', 3),
(1903, 20, 0, 87.55, 0, 55, '2020-12-04', '09:20:54', 3),
(1904, 21, 28, 72.92, 1, 71, '2020-12-04', '09:21:26', 1),
(1905, 20, 0, 87.8, 0, 56, '2020-12-04', '09:21:54', 3),
(1906, 21, 23, 73.48, 1, 59, '2020-12-04', '09:21:56', 1),
(1907, 21.39, 22, 73.2, 1, 54, '2020-12-04', '09:22:26', 1),
(1908, 20, 0, 87.61, 0, 57, '2020-12-04', '09:22:55', 3),
(1909, 21.85, 20, 73, 1, 48, '2020-12-04', '09:22:56', 1),
(1910, 22, 22, 73, 1, 46, '2020-12-04', '09:23:26', 1),
(1911, 20.09, 0, 87.19, 0, 60, '2020-12-04', '09:23:55', 3),
(1912, 22, 25, 72.17, 1, 56, '2020-12-04', '09:23:57', 1),
(1913, 22, 24, 72.39, 1, 56, '2020-12-04', '09:24:27', 1),
(1914, 20.11, 0, 87.15, 0, 60, '2020-12-04', '09:24:55', 3),
(1915, 22, 24, 72.76, 1, 55, '2020-12-04', '09:24:57', 1),
(1916, 22, 23, 72, 1, 54, '2020-12-04', '09:25:27', 1),
(1917, 20.07, 0, 87.33, 0, 65, '2020-12-04', '09:25:56', 3),
(1918, 22, 23, 72.41, 1, 48, '2020-12-04', '09:25:57', 1),
(1919, 22, 22, 72.96, 1, 45, '2020-12-04', '09:26:27', 1),
(1920, 22, 23, 72.25, 1, 44, '2020-12-04', '09:26:57', 1),
(1921, 20.03, 0, 88.12, 0, 68, '2020-12-04', '09:27:02', 3),
(1922, 22, 26, 72, 1, 44, '2020-12-04', '09:27:27', 1),
(1923, 22, 26, 71.09, 1, 47, '2020-12-04', '09:27:57', 1),
(1924, 20, 0, 88.59, 0, 67, '2020-12-04', '09:27:59', 3),
(1925, 22, 19, 71, 1, 49, '2020-12-04', '09:28:27', 1),
(1926, 20.03, 0, 88.26, 0, 67, '2020-12-04', '09:28:56', 3),
(1927, 22, 18, 70.53, 1, 49, '2020-12-04', '09:28:57', 1),
(1928, 20, 58, 81, 0, 32, '2020-12-04', '09:29:02', 19),
(1929, 20, 57, 81, 0, 31, '2020-12-04', '09:29:18', 19),
(1930, 22, 17, 70, 1, 45, '2020-12-04', '09:29:27', 1),
(1931, 20, 57, 81, 0, 31, '2020-12-04', '09:29:33', 19),
(1932, 20.22, 57, 81.22, 0, 32, '2020-12-04', '09:29:48', 19),
(1933, 22, 17, 71, 1, 47, '2020-12-04', '09:29:57', 1),
(1934, 20.12, 0, 88.12, 0, 66, '2020-12-04', '09:29:58', 3),
(1935, 20, 57, 81, 0, 32, '2020-12-04', '09:30:03', 19),
(1936, 22, 16, 71, 1, 53, '2020-12-04', '09:30:27', 1),
(1937, 20, 56, 80.31, 0, 32, '2020-12-04', '09:30:35', 19),
(1938, 20.26, 56, 80.26, 0, 32, '2020-12-04', '09:30:48', 19),
(1939, 22, 15, 71.19, 1, 54, '2020-12-04', '09:30:57', 1),
(1940, 20.07, 0, 88.31, 0, 66, '2020-12-04', '09:30:58', 3),
(1941, 20, 56, 80, 0, 32, '2020-12-04', '09:31:08', 19),
(1942, 20, 56, 80.38, 0, 31, '2020-12-04', '09:31:22', 19),
(1943, 22, 15, 71.24, 1, 58, '2020-12-04', '09:31:27', 1),
(1944, 20, 56, 81, 0, 32, '2020-12-04', '09:31:37', 19),
(1945, 20.43, 56, 81.19, 0, 32, '2020-12-04', '09:31:53', 19),
(1946, 22, 15, 71, 1, 58, '2020-12-04', '09:31:57', 1),
(1947, 20.09, 0, 88.1, 0, 66, '2020-12-04', '09:31:58', 3),
(1948, 20.59, 56, 80.59, 0, 32, '2020-12-04', '09:32:07', 19),
(1949, 22, 17, 70.79, 1, 59, '2020-12-04', '09:32:28', 1),
(1950, 21, 56, 81, 0, 32, '2020-12-04', '09:32:38', 19),
(1951, 22, 15, 70.16, 1, 58, '2020-12-04', '09:32:57', 1),
(1952, 20.08, 0, 88.38, 0, 65, '2020-12-04', '09:32:58', 3),
(1953, 21, 56, 81, 0, 52, '2020-12-04', '09:33:24', 19),
(1954, 22, 15, 70, 1, 60, '2020-12-04', '09:33:28', 1),
(1955, 21, 56, 81, 0, 95, '2020-12-04', '09:33:55', 19),
(1956, 22, 10, 70, 1, 60, '2020-12-04', '09:33:58', 1),
(1957, 21, 56, 81, 0, 94, '2020-12-04', '09:34:16', 19),
(1958, 22, 9, 70.18, 1, 57, '2020-12-04', '09:34:28', 1),
(1959, 21, 56, 80, 0, 32, '2020-12-04', '09:34:41', 19),
(1960, 22, 10, 70.92, 1, 60, '2020-12-04', '09:34:58', 1),
(1961, 21, 56, 80, 0, 31, '2020-12-04', '09:35:14', 19),
(1962, 21, 57, 80.02, 0, 32, '2020-12-04', '09:35:28', 19),
(1963, 22, 10, 70.84, 1, 61, '2020-12-04', '09:35:28', 1),
(1964, 21, 57, 80.62, 0, 32, '2020-12-04', '09:35:43', 19),
(1965, 21, 57, 81, 0, 32, '2020-12-04', '09:35:58', 19),
(1966, 22, 10, 71, 1, 60, '2020-12-04', '09:35:58', 1),
(1967, 21, 57, 81, 0, 32, '2020-12-04', '09:36:15', 19),
(1968, 22, 10, 71, 1, 61, '2020-12-04', '09:36:28', 1),
(1969, 21, 57, 81, 0, 31, '2020-12-04', '09:36:29', 19),
(1970, 21, 57, 81, 0, 31, '2020-12-04', '09:36:44', 19),
(1971, 22, 10, 71.59, 1, 62, '2020-12-04', '09:36:58', 1),
(1972, 21, 57, 81, 0, 31, '2020-12-04', '09:37:00', 19),
(1973, 21, 57, 81, 0, 31, '2020-12-04', '09:37:15', 19),
(1974, 22.17, 8, 72, 1, 57, '2020-12-04', '09:37:28', 1),
(1975, 21, 57, 81, 0, 32, '2020-12-04', '09:37:30', 19),
(1976, 21, 57, 81, 0, 31, '2020-12-04', '09:37:44', 19),
(1977, 22, 9, 72, 1, 59, '2020-12-04', '09:37:58', 1),
(1978, 21, 57, 81, 0, 31, '2020-12-04', '09:38:00', 19),
(1979, 21, 57, 81, 0, 31, '2020-12-04', '09:38:16', 19),
(1980, 22, 10, 72, 1, 61, '2020-12-04', '09:38:28', 1),
(1981, 21, 57, 81, 0, 32, '2020-12-04', '09:38:32', 19),
(1982, 21, 57, 81, 0, 32, '2020-12-04', '09:38:46', 19),
(1983, 22, 11, 72, 1, 62, '2020-12-04', '09:38:58', 1),
(1984, 20.75, 57, 80.75, 0, 32, '2020-12-04', '09:39:01', 19),
(1985, 21, 57, 81, 0, 31, '2020-12-04', '09:39:16', 19),
(1986, 22, 10, 72, 1, 61, '2020-12-04', '09:39:28', 1),
(1987, 22, 10, 72, 1, 60, '2020-12-04', '09:39:58', 1),
(1988, 22, 10, 72, 1, 60, '2020-12-04', '09:40:28', 1),
(1989, 22, 13, 72, 1, 64, '2020-12-04', '09:40:58', 1),
(1990, 21, 57, 81, 0, 30, '2020-12-04', '09:41:17', 19),
(1991, 22.05, 15, 72.05, 1, 64, '2020-12-04', '09:41:28', 1),
(1992, 21, 57, 81, 0, 30, '2020-12-04', '09:41:34', 19),
(1993, 22.09, 13, 72.68, 1, 65, '2020-12-04', '09:41:59', 1),
(1994, 21, 58, 82, 0, 31, '2020-12-04', '09:42:03', 19);

-- --------------------------------------------------------

--
-- Estructura de tabla para la tabla `rango_parametros`
--

CREATE TABLE `rango_parametros` (
  `Id` int(11) NOT NULL,
  `Temperatura_max` float NOT NULL,
  `Temperatura_min` float NOT NULL,
  `Humedad_max` float NOT NULL,
  `Humedad_min` float NOT NULL,
  `Intensidad_luz_max` float NOT NULL,
  `Intensidad_luz_min` float NOT NULL,
  `Humedad_ambiente_max` float NOT NULL,
  `Humedad_ambiente_min` float NOT NULL
) ENGINE=InnoDB DEFAULT CHARSET=utf8 COLLATE=utf8_unicode_ci;

--
-- Volcado de datos para la tabla `rango_parametros`
--

INSERT INTO `rango_parametros` (`Id`, `Temperatura_max`, `Temperatura_min`, `Humedad_max`, `Humedad_min`, `Intensidad_luz_max`, `Intensidad_luz_min`, `Humedad_ambiente_max`, `Humedad_ambiente_min`) VALUES
(1, 30, 10, 100, 0, 100, 0, 100, 0),
(3, 40, 0, 100, 0, 100, 0, 80, 0),
(4, 30, 12, 80, 6, 80, 12, 80, 9),
(5, 35, 15, 70, 30, 60, 0, 80, 20),
(6, 30, 10, 80, 20, 80, 18, 80, 30),
(10, 30, 10, 80, 10, 80, 20, 60, 15),
(11, 40, 30, 60, 10, 80, 20, 70, 12),
(12, 60, 20, 80, 20, 70, 20, 60, 13),
(13, 30, 20, 80, 12, 67, 23, 56, 12),
(14, 40, 10, 80, 10, 90, 0, 90, 10),
(15, 30, 10, 80, 10, 80, 10, 80, 10);

-- --------------------------------------------------------

--
-- Estructura de tabla para la tabla `usuario`
--

CREATE TABLE `usuario` (
  `Id` int(11) NOT NULL,
  `Tipo` enum('Administrador','Agricultor') COLLATE utf8_unicode_ci NOT NULL,
  `Apellidos` varchar(30) COLLATE utf8_unicode_ci NOT NULL,
  `Nombres` varchar(30) COLLATE utf8_unicode_ci NOT NULL,
  `Cedula` varchar(20) COLLATE utf8_unicode_ci NOT NULL,
  `Usuario` varchar(20) COLLATE utf8_unicode_ci NOT NULL,
  `Contraseña` varchar(40) COLLATE utf8_unicode_ci NOT NULL,
  `Activo` tinyint(1) NOT NULL DEFAULT '1'
) ENGINE=InnoDB DEFAULT CHARSET=utf8 COLLATE=utf8_unicode_ci;

--
-- Volcado de datos para la tabla `usuario`
--

INSERT INTO `usuario` (`Id`, `Tipo`, `Apellidos`, `Nombres`, `Cedula`, `Usuario`, `Contraseña`, `Activo`) VALUES
(1, 'Administrador', 'Pérez', 'Juan', '1234', 'juanperez', '66f9eb3acbf42caf97d5225e7c2526ad', 1),
(2, 'Agricultor', 'Fernández', 'Javier', '4321', 'javier', 'c7bbe208f367ec027f484118b8d61371', 1),
(3, 'Agricultor', 'Rodríguez', 'James', '7890', 'james', '66f9eb3acbf42caf97d5225e7c2526ad', 0),
(4, 'Agricultor', 'Campo', 'Ana', '678', 'ana', '66f9eb3acbf42caf97d5225e7c2526ad', 1),
(13, 'Agricultor', 'Sánchez', 'María', '8976', 'maria', '66f9eb3acbf42caf97d5225e7c2526ad', 1),
(14, 'Administrador', 'Males', 'Juan', '9090', 'juanM', '66f9eb3acbf42caf97d5225e7c2526ad', 1),
(15, 'Agricultor', 'Muñoz', 'Luis', '9989', 'luis', '66f9eb3acbf42caf97d5225e7c2526ad', 1),
(16, 'Administrador', 'Fernández', 'Mauricio', '7788', 'mauricio', '66f9eb3acbf42caf97d5225e7c2526ad', 0),
(17, 'Agricultor', 'Bonilla', 'Claudia', '5555', 'claudia', '66f9eb3acbf42caf97d5225e7c2526ad', 0),
(18, 'Agricultor', 'Salgado', 'Enrique', '1111', 'enrique', '66f9eb3acbf42caf97d5225e7c2526ad', 1),
(19, 'Agricultor', 'López', 'Diego', '123456', 'diego', '66f9eb3acbf42caf97d5225e7c2526ad', 0),
(20, 'Administrador', 'Valencia', 'Daniela', '1006', 'danielavm', 'eb596ca6562cdc5a0c0c5d954a088c2c', 0),
(21, 'Agricultor', 'Guedica', 'David', '67686876', 'david', '81dc9bdb52d04dc20036dbd8313ed055', 0);

--
-- Índices para tablas volcadas
--

--
-- Indices de la tabla `alerta`
--
ALTER TABLE `alerta`
  ADD PRIMARY KEY (`Id`),
  ADD KEY `Id_dispositivo` (`Id_dispositivo`);

--
-- Indices de la tabla `dispositivo`
--
ALTER TABLE `dispositivo`
  ADD PRIMARY KEY (`Id`),
  ADD KEY `Id_usuario` (`Id_usuario`),
  ADD KEY `Dispositivo_ibfk_2` (`Id_rango`);

--
-- Indices de la tabla `parametros`
--
ALTER TABLE `parametros`
  ADD PRIMARY KEY (`Id`),
  ADD KEY `Id_dispositivo` (`Id_dispositivo`);

--
-- Indices de la tabla `rango_parametros`
--
ALTER TABLE `rango_parametros`
  ADD PRIMARY KEY (`Id`);

--
-- Indices de la tabla `usuario`
--
ALTER TABLE `usuario`
  ADD PRIMARY KEY (`Id`);

--
-- AUTO_INCREMENT de las tablas volcadas
--

--
-- AUTO_INCREMENT de la tabla `alerta`
--
ALTER TABLE `alerta`
  MODIFY `Id` int(11) NOT NULL AUTO_INCREMENT, AUTO_INCREMENT=335;

--
-- AUTO_INCREMENT de la tabla `dispositivo`
--
ALTER TABLE `dispositivo`
  MODIFY `Id` int(11) NOT NULL AUTO_INCREMENT, AUTO_INCREMENT=31;

--
-- AUTO_INCREMENT de la tabla `parametros`
--
ALTER TABLE `parametros`
  MODIFY `Id` int(11) NOT NULL AUTO_INCREMENT, AUTO_INCREMENT=1995;

--
-- AUTO_INCREMENT de la tabla `rango_parametros`
--
ALTER TABLE `rango_parametros`
  MODIFY `Id` int(11) NOT NULL AUTO_INCREMENT, AUTO_INCREMENT=16;

--
-- AUTO_INCREMENT de la tabla `usuario`
--
ALTER TABLE `usuario`
  MODIFY `Id` int(11) NOT NULL AUTO_INCREMENT, AUTO_INCREMENT=22;

--
-- Restricciones para tablas volcadas
--

--
-- Filtros para la tabla `alerta`
--
ALTER TABLE `alerta`
  ADD CONSTRAINT `Alerta_ibfk_1` FOREIGN KEY (`Id_dispositivo`) REFERENCES `dispositivo` (`Id`);

--
-- Filtros para la tabla `dispositivo`
--
ALTER TABLE `dispositivo`
  ADD CONSTRAINT `Dispositivo_ibfk_1` FOREIGN KEY (`Id_usuario`) REFERENCES `usuario` (`Id`),
  ADD CONSTRAINT `Dispositivo_ibfk_2` FOREIGN KEY (`Id_rango`) REFERENCES `rango_parametros` (`Id`) ON DELETE CASCADE ON UPDATE CASCADE;

--
-- Filtros para la tabla `parametros`
--
ALTER TABLE `parametros`
  ADD CONSTRAINT `Parametros_ibfk_1` FOREIGN KEY (`Id_dispositivo`) REFERENCES `dispositivo` (`Id`);
COMMIT;

/*!40101 SET CHARACTER_SET_CLIENT=@OLD_CHARACTER_SET_CLIENT */;
/*!40101 SET CHARACTER_SET_RESULTS=@OLD_CHARACTER_SET_RESULTS */;
/*!40101 SET COLLATION_CONNECTION=@OLD_COLLATION_CONNECTION */;
